timestamp,temperature_c,precipitation,windspeed,weather_code,weather_label
2025-01-01T00:00,0.7,0.0,13.8,3,Partly cloudy
2025-01-01T01:00,0.8,0.0,13.0,3,Partly cloudy
2025-01-01T02:00,0.6,0.0,14.2,3,Partly cloudy
2025-01-01T03:00,0.2,0.1,17.3,71,Snow
2025-01-01T04:00,-0.2,0.0,16.6,3,Partly cloudy
2025-01-01T05:00,-0.5,0.0,16.7,3,Partly cloudy
2025-01-01T06:00,-0.6,0.0,16.6,3,Partly cloudy
2025-01-01T07:00,-0.9,0.0,15.6,3,Partly cloudy
2025-01-01T08:00,-0.9,0.0,21.3,0,Clear sky
2025-01-01T09:00,-1.7,0.0,19.5,0,Clear sky
2025-01-01T10:00,-1.9,0.0,22.2,3,Partly cloudy
2025-01-01T11:00,-1.0,0.0,21.9,3,Partly cloudy
2025-01-01T12:00,-0.4,0.0,21.2,3,Partly cloudy
2025-01-01T13:00,-0.4,0.0,21.8,3,Partly cloudy
2025-01-01T14:00,-0.2,0.0,21.3,3,Partly cloudy
2025-01-01T15:00,-0.6,0.0,20.4,3,Partly cloudy
2025-01-01T16:00,-1.5,0.0,19.6,3,Partly cloudy
2025-01-01T17:00,-2.2,0.0,19.6,3,Partly cloudy
2025-01-01T18:00,-2.8,0.0,19.1,3,Partly cloudy
2025-01-01T19:00,-3.0,0.0,18.9,3,Partly cloudy
2025-01-01T20:00,-2.3,0.0,18.7,3,Partly cloudy
2025-01-01T21:00,-2.8,0.0,17.4,3,Partly cloudy
2025-01-01T22:00,-2.8,0.0,16.8,3,Partly cloudy
2025-01-01T23:00,-2.8,0.0,16.9,3,Partly cloudy
2025-01-02T00:00,-3.0,0.0,17.1,3,Partly cloudy
2025-01-02T01:00,-3.6,0.0,16.4,3,Partly cloudy
2025-01-02T02:00,-4.1,0.0,16.1,3,Partly cloudy
2025-01-02T03:00,-4.2,0.0,16.1,3,Partly cloudy
2025-01-02T04:00,-4.0,0.0,16.1,3,Partly cloudy
2025-01-02T05:00,-3.5,0.0,16.1,3,Partly cloudy
2025-01-02T06:00,-3.2,0.0,16.3,3,Partly cloudy
2025-01-02T07:00,-2.8,0.0,17.4,3,Partly cloudy
2025-01-02T08:00,-3.8,0.0,13.9,3,Partly cloudy
2025-01-02T09:00,-3.8,0.0,14.7,2,Partly cloudy
2025-01-02T10:00,-3.5,0.0,14.2,1,Partly cloudy
2025-01-02T11:00,-2.8,0.0,12.6,1,Partly cloudy
2025-01-02T12:00,-1.8,0.0,11.3,0,Clear sky
2025-01-02T13:00,-1.0,0.0,11.5,3,Partly cloudy
2025-01-02T14:00,-0.6,0.0,10.5,3,Partly cloudy
2025-01-02T15:00,-0.3,0.0,11.1,3,Partly cloudy
2025-01-02T16:00,-0.3,0.0,11.7,3,Partly cloudy
2025-01-02T17:00,-0.6,0.0,10.4,3,Partly cloudy
2025-01-02T18:00,-1.1,0.0,9.8,3,Partly cloudy
2025-01-02T19:00,-1.4,0.0,9.8,3,Partly cloudy
2025-01-02T20:00,-1.9,0.1,9.8,71,Snow
2025-01-02T21:00,-2.0,0.1,10.5,71,Snow
2025-01-02T22:00,-2.0,0.0,12.1,3,Partly cloudy
2025-01-02T23:00,-2.5,0.0,12.1,0,Clear sky
2025-01-03T00:00,-3.0,0.0,12.9,2,Partly cloudy
2025-01-03T01:00,-3.3,0.0,14.2,1,Partly cloudy
2025-01-03T02:00,-3.7,0.0,13.6,0,Clear sky
2025-01-03T03:00,-4.1,0.0,13.8,3,Partly cloudy
2025-01-03T04:00,-4.0,0.0,15.5,3,Partly cloudy
2025-01-03T05:00,-4.2,0.0,18.5,3,Partly cloudy
2025-01-03T06:00,-4.7,0.0,18.7,3,Partly cloudy
2025-01-03T07:00,-4.7,0.0,19.2,3,Partly cloudy
2025-01-03T08:00,-4.9,0.0,18.8,0,Clear sky
2025-01-03T09:00,-5.9,0.0,18.0,0,Clear sky
2025-01-03T10:00,-5.8,0.0,18.0,0,Clear sky
2025-01-03T11:00,-5.5,0.0,18.0,1,Partly cloudy
2025-01-03T12:00,-5.1,0.0,17.6,0,Clear sky
2025-01-03T13:00,-4.7,0.0,17.4,0,Clear sky
2025-01-03T14:00,-4.2,0.0,19.0,0,Clear sky
2025-01-03T15:00,-4.1,0.0,20.1,0,Clear sky
2025-01-03T16:00,-4.3,0.0,20.7,1,Partly cloudy
2025-01-03T17:00,-4.7,0.0,19.8,0,Clear sky
2025-01-03T18:00,-5.2,0.0,17.3,0,Clear sky
2025-01-03T19:00,-5.6,0.0,16.3,0,Clear sky
2025-01-03T20:00,-6.1,0.0,15.7,0,Clear sky
2025-01-03T21:00,-6.3,0.0,15.1,0,Clear sky
2025-01-03T22:00,-6.6,0.0,14.7,0,Clear sky
2025-01-03T23:00,-6.9,0.0,15.3,0,Clear sky
2025-01-04T00:00,-7.4,0.0,15.7,0,Clear sky
2025-01-04T01:00,-7.8,0.0,16.5,0,Clear sky
2025-01-04T02:00,-8.4,0.0,17.3,0,Clear sky
2025-01-04T03:00,-8.9,0.0,17.3,0,Clear sky
2025-01-04T04:00,-9.6,0.0,17.2,0,Clear sky
2025-01-04T05:00,-10.1,0.0,16.2,0,Clear sky
2025-01-04T06:00,-10.4,0.0,14.4,0,Clear sky
2025-01-04T07:00,-10.6,0.0,13.8,0,Clear sky
2025-01-04T08:00,-10.9,0.0,13.4,0,Clear sky
2025-01-04T09:00,-10.9,0.0,13.8,0,Clear sky
2025-01-04T10:00,-10.1,0.0,13.9,0,Clear sky
2025-01-04T11:00,-9.1,0.0,13.6,0,Clear sky
2025-01-04T12:00,-7.8,0.0,12.3,0,Clear sky
2025-01-04T13:00,-6.7,0.0,11.2,1,Partly cloudy
2025-01-04T14:00,-5.7,0.0,11.1,1,Partly cloudy
2025-01-04T15:00,-5.2,0.0,11.2,1,Partly cloudy
2025-01-04T16:00,-5.1,0.0,11.1,3,Partly cloudy
2025-01-04T17:00,-5.5,0.0,10.3,3,Partly cloudy
2025-01-04T18:00,-6.1,0.0,9.9,2,Partly cloudy
2025-01-04T19:00,-6.5,0.0,9.5,1,Partly cloudy
2025-01-04T20:00,-6.8,0.0,8.8,3,Partly cloudy
2025-01-04T21:00,-6.9,0.0,9.0,3,Partly cloudy
2025-01-04T22:00,-7.2,0.0,9.5,3,Partly cloudy
2025-01-04T23:00,-7.2,0.0,10.0,3,Partly cloudy
2025-01-05T00:00,-7.4,0.0,10.9,2,Partly cloudy
2025-01-05T01:00,-7.8,0.0,11.1,3,Partly cloudy
2025-01-05T02:00,-8.1,0.0,11.3,3,Partly cloudy
2025-01-05T03:00,-8.1,0.0,11.3,3,Partly cloudy
2025-01-05T04:00,-8.4,0.0,10.5,3,Partly cloudy
2025-01-05T05:00,-8.5,0.0,11.6,3,Partly cloudy
2025-01-05T06:00,-8.6,0.0,10.8,3,Partly cloudy
2025-01-05T07:00,-8.9,0.0,9.5,3,Partly cloudy
2025-01-05T08:00,-9.0,0.0,7.6,3,Partly cloudy
2025-01-05T09:00,-9.0,0.0,6.8,3,Partly cloudy
2025-01-05T10:00,-8.6,0.0,4.9,3,Partly cloudy
2025-01-05T11:00,-7.8,0.0,3.7,3,Partly cloudy
2025-01-05T12:00,-6.9,0.0,5.8,3,Partly cloudy
2025-01-05T13:00,-6.8,0.0,6.0,3,Partly cloudy
2025-01-05T14:00,-6.6,0.0,10.2,3,Partly cloudy
2025-01-05T15:00,-6.2,0.0,10.7,3,Partly cloudy
2025-01-05T16:00,-5.9,0.0,15.3,3,Partly cloudy
2025-01-05T17:00,-5.3,0.0,17.5,3,Partly cloudy
2025-01-05T18:00,-4.7,0.0,18.4,3,Partly cloudy
2025-01-05T19:00,-4.1,0.1,19.3,51,Drizzle
2025-01-05T20:00,-3.2,0.0,18.4,3,Partly cloudy
2025-01-05T21:00,-2.5,0.0,17.8,3,Partly cloudy
2025-01-05T22:00,-2.3,0.1,18.3,71,Snow
2025-01-05T23:00,-2.8,0.2,20.2,71,Snow
2025-01-06T00:00,-2.7,0.2,22.0,71,Snow
2025-01-06T01:00,-2.8,0.3,24.1,73,Snow
2025-01-06T02:00,-2.8,0.3,24.5,73,Snow
2025-01-06T03:00,-2.5,0.3,25.2,73,Snow
2025-01-06T04:00,-2.2,0.2,26.6,71,Snow
2025-01-06T05:00,-1.8,0.1,25.3,71,Snow
2025-01-06T06:00,-1.3,0.1,24.1,71,Snow
2025-01-06T07:00,-0.9,0.0,24.3,3,Partly cloudy
2025-01-06T08:00,-1.6,0.2,21.7,71,Snow
2025-01-06T09:00,-1.4,0.0,23.0,3,Partly cloudy
2025-01-06T10:00,-1.3,0.0,26.3,3,Partly cloudy
2025-01-06T11:00,-1.1,0.0,27.6,3,Partly cloudy
2025-01-06T12:00,-1.0,0.0,26.8,3,Partly cloudy
2025-01-06T13:00,-1.0,0.0,25.9,3,Partly cloudy
2025-01-06T14:00,-1.0,0.0,25.6,3,Partly cloudy
2025-01-06T15:00,-0.9,0.0,24.5,3,Partly cloudy
2025-01-06T16:00,-1.0,0.3,22.7,71,Snow
2025-01-06T17:00,-2.5,0.3,17.3,73,Snow
2025-01-06T18:00,-3.0,0.4,20.4,73,Snow
2025-01-06T19:00,-3.3,0.3,20.7,73,Snow
2025-01-06T20:00,-3.8,0.2,17.7,71,Snow
2025-01-06T21:00,-3.3,0.0,18.2,3,Partly cloudy
2025-01-06T22:00,-3.7,0.0,17.7,3,Partly cloudy
2025-01-06T23:00,-4.1,0.0,17.2,3,Partly cloudy
2025-01-07T00:00,-4.6,0.0,14.4,1,Partly cloudy
2025-01-07T01:00,-5.1,0.0,13.0,0,Clear sky
2025-01-07T02:00,-5.6,0.0,13.9,0,Clear sky
2025-01-07T03:00,-6.2,0.0,13.0,0,Clear sky
2025-01-07T04:00,-6.8,0.0,11.2,0,Clear sky
2025-01-07T05:00,-7.2,0.0,11.0,0,Clear sky
2025-01-07T06:00,-7.8,0.0,10.9,0,Clear sky
2025-01-07T07:00,-8.3,0.0,10.1,1,Partly cloudy
2025-01-07T08:00,-8.1,0.0,9.8,0,Clear sky
2025-01-07T09:00,-8.6,0.0,9.4,3,Partly cloudy
2025-01-07T10:00,-8.1,0.0,9.5,3,Partly cloudy
2025-01-07T11:00,-6.9,0.0,7.7,3,Partly cloudy
2025-01-07T12:00,-5.8,0.0,8.7,3,Partly cloudy
2025-01-07T13:00,-4.9,0.0,8.3,3,Partly cloudy
2025-01-07T14:00,-4.3,0.0,7.4,3,Partly cloudy
2025-01-07T15:00,-4.1,0.0,6.4,3,Partly cloudy
2025-01-07T16:00,-4.1,0.0,5.4,3,Partly cloudy
2025-01-07T17:00,-4.3,0.0,4.1,3,Partly cloudy
2025-01-07T18:00,-5.4,0.0,2.6,3,Partly cloudy
2025-01-07T19:00,-5.8,0.0,2.5,3,Partly cloudy
2025-01-07T20:00,-5.7,0.0,3.8,3,Partly cloudy
2025-01-07T21:00,-5.7,0.0,6.3,3,Partly cloudy
2025-01-07T22:00,-5.9,0.0,10.1,3,Partly cloudy
2025-01-07T23:00,-6.3,0.0,10.4,1,Partly cloudy
2025-01-08T00:00,-6.8,0.0,9.8,3,Partly cloudy
2025-01-08T01:00,-7.2,0.0,10.4,3,Partly cloudy
2025-01-08T02:00,-7.6,0.0,10.5,3,Partly cloudy
2025-01-08T03:00,-7.8,0.0,10.7,3,Partly cloudy
2025-01-08T04:00,-8.1,0.0,10.3,2,Partly cloudy
2025-01-08T05:00,-8.6,0.0,10.7,2,Partly cloudy
2025-01-08T06:00,-9.0,0.0,10.8,0,Clear sky
2025-01-08T07:00,-9.6,0.0,11.1,0,Clear sky
2025-01-08T08:00,-10.1,0.0,10.6,0,Clear sky
2025-01-08T09:00,-10.2,0.0,10.8,0,Clear sky
2025-01-08T10:00,-9.2,0.0,8.9,1,Partly cloudy
2025-01-08T11:00,-7.8,0.0,8.1,1,Partly cloudy
2025-01-08T12:00,-6.2,0.0,7.9,1,Partly cloudy
2025-01-08T13:00,-5.0,0.0,8.5,3,Partly cloudy
2025-01-08T14:00,-4.4,0.0,9.0,3,Partly cloudy
2025-01-08T15:00,-4.2,0.0,8.3,3,Partly cloudy
2025-01-08T16:00,-4.1,0.0,8.6,3,Partly cloudy
2025-01-08T17:00,-4.3,0.0,8.3,3,Partly cloudy
2025-01-08T18:00,-5.1,0.0,8.2,3,Partly cloudy
2025-01-08T19:00,-5.6,0.0,7.7,3,Partly cloudy
2025-01-08T20:00,-5.8,0.0,7.2,0,Clear sky
2025-01-08T21:00,-6.7,0.0,5.4,0,Clear sky
2025-01-08T22:00,-7.6,0.0,4.4,0,Clear sky
2025-01-08T23:00,-8.2,0.0,4.2,0,Clear sky
2025-01-09T00:00,-8.6,0.0,4.8,0,Clear sky
2025-01-09T01:00,-8.9,0.0,5.3,0,Clear sky
2025-01-09T02:00,-9.1,0.0,6.6,0,Clear sky
2025-01-09T03:00,-9.2,0.0,6.9,0,Clear sky
2025-01-09T04:00,-9.5,0.0,6.7,0,Clear sky
2025-01-09T05:00,-9.7,0.0,6.4,2,Partly cloudy
2025-01-09T06:00,-9.9,0.0,6.0,2,Partly cloudy
2025-01-09T07:00,-10.1,0.0,7.1,0,Clear sky
2025-01-09T08:00,-11.6,0.0,7.2,0,Clear sky
2025-01-09T09:00,-11.4,0.0,8.8,0,Clear sky
2025-01-09T10:00,-10.3,0.0,8.4,0,Clear sky
2025-01-09T11:00,-8.5,0.0,8.5,0,Clear sky
2025-01-09T12:00,-6.6,0.0,9.6,0,Clear sky
2025-01-09T13:00,-5.2,0.0,11.5,0,Clear sky
2025-01-09T14:00,-4.2,0.0,12.8,0,Clear sky
2025-01-09T15:00,-3.8,0.0,14.6,1,Partly cloudy
2025-01-09T16:00,-3.9,0.0,16.5,3,Partly cloudy
2025-01-09T17:00,-4.7,0.0,11.9,1,Partly cloudy
2025-01-09T18:00,-5.6,0.0,14.9,0,Clear sky
2025-01-09T19:00,-6.2,0.0,15.8,3,Partly cloudy
2025-01-09T20:00,-5.5,0.0,15.7,2,Partly cloudy
2025-01-09T21:00,-5.8,0.0,15.5,1,Partly cloudy
2025-01-09T22:00,-6.2,0.0,16.5,0,Clear sky
2025-01-09T23:00,-6.4,0.0,15.0,0,Clear sky
2025-01-10T00:00,-6.6,0.0,15.2,1,Partly cloudy
2025-01-10T01:00,-6.6,0.0,16.4,1,Partly cloudy
2025-01-10T02:00,-6.5,0.0,14.7,3,Partly cloudy
2025-01-10T03:00,-6.2,0.0,14.0,3,Partly cloudy
2025-01-10T04:00,-5.6,0.0,12.8,3,Partly cloudy
2025-01-10T05:00,-5.1,0.0,11.2,3,Partly cloudy
2025-01-10T06:00,-4.7,0.1,10.7,71,Snow
2025-01-10T07:00,-4.3,0.2,11.2,71,Snow
2025-01-10T08:00,-4.2,0.4,10.7,73,Snow
2025-01-10T09:00,-3.8,0.4,12.9,73,Snow
2025-01-10T10:00,-3.4,0.4,12.8,73,Snow
2025-01-10T11:00,-2.8,0.3,13.9,73,Snow
2025-01-10T12:00,-2.5,0.3,12.7,73,Snow
2025-01-10T13:00,-2.2,0.2,14.9,71,Snow
2025-01-10T14:00,-2.1,0.3,13.2,73,Snow
2025-01-10T15:00,-2.0,0.2,11.5,71,Snow
2025-01-10T16:00,-2.0,0.2,10.1,71,Snow
2025-01-10T17:00,-2.2,0.3,7.6,73,Snow
2025-01-10T18:00,-2.3,0.5,7.3,73,Snow
2025-01-10T19:00,-2.2,0.2,6.6,71,Snow
2025-01-10T20:00,-2.3,0.0,9.1,3,Partly cloudy
2025-01-10T21:00,-2.7,0.0,9.0,3,Partly cloudy
2025-01-10T22:00,-3.0,0.0,9.7,3,Partly cloudy
2025-01-10T23:00,-3.2,0.0,10.3,2,Partly cloudy
2025-01-11T00:00,-3.7,0.0,11.5,1,Partly cloudy
2025-01-11T01:00,-4.0,0.0,12.0,0,Clear sky
2025-01-11T02:00,-4.3,0.0,12.0,0,Clear sky
2025-01-11T03:00,-4.8,0.0,14.3,1,Partly cloudy
2025-01-11T04:00,-5.1,0.0,14.1,0,Clear sky
2025-01-11T05:00,-5.4,0.0,13.9,0,Clear sky
2025-01-11T06:00,-5.8,0.0,13.5,0,Clear sky
2025-01-11T07:00,-6.0,0.0,12.4,0,Clear sky
2025-01-11T08:00,-4.6,0.0,11.4,1,Partly cloudy
2025-01-11T09:00,-4.8,0.0,13.0,1,Partly cloudy
2025-01-11T10:00,-3.7,0.0,12.1,1,Partly cloudy
2025-01-11T11:00,-2.3,0.0,12.9,3,Partly cloudy
2025-01-11T12:00,-1.7,0.0,11.3,3,Partly cloudy
2025-01-11T13:00,-1.3,0.0,10.3,3,Partly cloudy
2025-01-11T14:00,-0.9,0.0,7.8,3,Partly cloudy
2025-01-11T15:00,-0.9,0.0,8.2,3,Partly cloudy
2025-01-11T16:00,-1.2,0.0,8.4,3,Partly cloudy
2025-01-11T17:00,-1.8,0.0,9.1,3,Partly cloudy
2025-01-11T18:00,-2.5,0.0,9.3,3,Partly cloudy
2025-01-11T19:00,-2.9,0.0,10.6,3,Partly cloudy
2025-01-11T20:00,-2.9,0.0,12.8,3,Partly cloudy
2025-01-11T21:00,-3.2,0.0,11.0,3,Partly cloudy
2025-01-11T22:00,-3.0,0.0,14.0,3,Partly cloudy
2025-01-11T23:00,-3.0,0.0,14.2,3,Partly cloudy
2025-01-12T00:00,-3.1,0.0,14.1,3,Partly cloudy
2025-01-12T01:00,-3.0,0.0,13.9,3,Partly cloudy
2025-01-12T02:00,-2.9,0.0,14.0,3,Partly cloudy
2025-01-12T03:00,-2.7,0.0,15.4,3,Partly cloudy
2025-01-12T04:00,-2.4,0.0,15.7,3,Partly cloudy
2025-01-12T05:00,-2.2,0.0,16.4,3,Partly cloudy
2025-01-12T06:00,-2.0,0.2,16.9,71,Snow
2025-01-12T07:00,-1.8,0.3,17.4,73,Snow
2025-01-12T08:00,-1.6,0.3,15.8,73,Snow
2025-01-12T09:00,-1.4,0.5,15.9,73,Snow
2025-01-12T10:00,-1.0,0.3,16.3,73,Snow
2025-01-12T11:00,-0.4,0.2,15.6,71,Snow
2025-01-12T12:00,0.2,0.1,18.8,71,Snow
2025-01-12T13:00,0.6,0.1,17.5,71,Snow
2025-01-12T14:00,0.8,0.1,16.4,51,Drizzle
2025-01-12T15:00,1.1,0.0,18.8,3,Partly cloudy
2025-01-12T16:00,1.5,0.0,18.7,3,Partly cloudy
2025-01-12T17:00,0.8,0.0,23.9,3,Partly cloudy
2025-01-12T18:00,-1.3,0.0,20.2,3,Partly cloudy
2025-01-12T19:00,-1.5,0.0,16.7,2,Partly cloudy
2025-01-12T20:00,-2.3,0.0,19.0,3,Partly cloudy
2025-01-12T21:00,-3.0,0.0,20.0,3,Partly cloudy
2025-01-12T22:00,-3.5,0.0,19.6,3,Partly cloudy
2025-01-12T23:00,-4.1,0.0,18.4,3,Partly cloudy
2025-01-13T00:00,-4.7,0.0,17.2,3,Partly cloudy
2025-01-13T01:00,-5.6,0.0,18.9,2,Partly cloudy
2025-01-13T02:00,-6.9,0.0,18.9,0,Clear sky
2025-01-13T03:00,-7.7,0.0,17.8,0,Clear sky
2025-01-13T04:00,-8.8,0.0,18.0,0,Clear sky
2025-01-13T05:00,-9.7,0.0,18.0,0,Clear sky
2025-01-13T06:00,-10.2,0.0,17.1,0,Clear sky
2025-01-13T07:00,-10.8,0.0,17.5,0,Clear sky
2025-01-13T08:00,-12.3,0.0,17.6,0,Clear sky
2025-01-13T09:00,-12.7,0.0,17.2,0,Clear sky
2025-01-13T10:00,-12.4,0.0,17.4,0,Clear sky
2025-01-13T11:00,-11.9,0.0,17.7,0,Clear sky
2025-01-13T12:00,-11.1,0.0,17.7,0,Clear sky
2025-01-13T13:00,-10.3,0.0,18.0,0,Clear sky
2025-01-13T14:00,-9.5,0.0,17.9,0,Clear sky
2025-01-13T15:00,-8.7,0.0,20.3,2,Partly cloudy
2025-01-13T16:00,-8.4,0.0,18.6,0,Clear sky
2025-01-13T17:00,-8.6,0.0,15.0,0,Clear sky
2025-01-13T18:00,-9.4,0.0,12.9,0,Clear sky
2025-01-13T19:00,-9.7,0.0,12.2,0,Clear sky
2025-01-13T20:00,-9.9,0.0,14.3,0,Clear sky
2025-01-13T21:00,-10.2,0.0,13.8,0,Clear sky
2025-01-13T22:00,-10.6,0.0,12.1,0,Clear sky
2025-01-13T23:00,-10.9,0.0,10.5,0,Clear sky
2025-01-14T00:00,-11.1,0.0,10.3,2,Partly cloudy
2025-01-14T01:00,-11.4,0.0,10.2,2,Partly cloudy
2025-01-14T02:00,-11.6,0.0,9.5,1,Partly cloudy
2025-01-14T03:00,-11.7,0.0,9.3,2,Partly cloudy
2025-01-14T04:00,-11.6,0.0,9.6,2,Partly cloudy
2025-01-14T05:00,-11.6,0.0,8.4,3,Partly cloudy
2025-01-14T06:00,-10.6,0.1,9.6,71,Snow
2025-01-14T07:00,-10.1,0.4,9.3,73,Snow
2025-01-14T08:00,-9.4,0.4,8.4,73,Snow
2025-01-14T09:00,-9.0,0.3,10.0,73,Snow
2025-01-14T10:00,-10.9,0.2,22.4,71,Snow
2025-01-14T11:00,-12.2,0.0,18.8,0,Clear sky
2025-01-14T12:00,-12.8,0.0,19.1,0,Clear sky
2025-01-14T13:00,-12.8,0.0,18.8,0,Clear sky
2025-01-14T14:00,-12.6,0.0,18.8,0,Clear sky
2025-01-14T15:00,-12.2,0.0,15.7,0,Clear sky
2025-01-14T16:00,-11.9,0.0,14.8,0,Clear sky
2025-01-14T17:00,-11.9,0.0,13.9,0,Clear sky
2025-01-14T18:00,-12.4,0.0,14.0,0,Clear sky
2025-01-14T19:00,-12.8,0.0,13.9,0,Clear sky
2025-01-14T20:00,-11.9,0.0,12.2,0,Clear sky
2025-01-14T21:00,-12.4,0.0,11.4,0,Clear sky
2025-01-14T22:00,-12.7,0.0,11.5,0,Clear sky
2025-01-14T23:00,-12.9,0.0,11.4,0,Clear sky
2025-01-15T00:00,-13.3,0.0,11.2,0,Clear sky
2025-01-15T01:00,-13.6,0.0,10.7,0,Clear sky
2025-01-15T02:00,-13.9,0.0,9.7,0,Clear sky
2025-01-15T03:00,-14.3,0.0,8.5,0,Clear sky
2025-01-15T04:00,-14.6,0.0,8.7,0,Clear sky
2025-01-15T05:00,-14.9,0.0,9.8,0,Clear sky
2025-01-15T06:00,-15.2,0.0,9.6,0,Clear sky
2025-01-15T07:00,-15.5,0.0,8.4,0,Clear sky
2025-01-15T08:00,-15.6,0.0,10.5,0,Clear sky
2025-01-15T09:00,-15.7,0.0,9.9,0,Clear sky
2025-01-15T10:00,-14.9,0.0,10.9,0,Clear sky
2025-01-15T11:00,-13.7,0.0,11.8,0,Clear sky
2025-01-15T12:00,-12.3,0.0,12.4,0,Clear sky
2025-01-15T13:00,-11.1,0.0,12.9,0,Clear sky
2025-01-15T14:00,-10.2,0.0,12.5,1,Partly cloudy
2025-01-15T15:00,-9.9,0.0,13.5,2,Partly cloudy
2025-01-15T16:00,-9.9,0.0,15.0,3,Partly cloudy
2025-01-15T17:00,-10.0,0.0,14.2,3,Partly cloudy
2025-01-15T18:00,-10.1,0.0,16.6,3,Partly cloudy
2025-01-15T19:00,-10.4,0.0,16.6,3,Partly cloudy
2025-01-15T20:00,-9.3,0.0,19.5,3,Partly cloudy
2025-01-15T21:00,-9.1,0.0,19.1,3,Partly cloudy
2025-01-15T22:00,-8.8,0.0,19.7,3,Partly cloudy
2025-01-15T23:00,-8.4,0.1,20.9,71,Snow
2025-01-16T00:00,-8.0,0.2,20.6,71,Snow
2025-01-16T01:00,-7.3,0.1,20.6,71,Snow
2025-01-16T02:00,-6.5,0.1,19.6,71,Snow
2025-01-16T03:00,-5.8,0.0,17.5,1,Partly cloudy
2025-01-16T04:00,-5.9,0.0,16.2,0,Clear sky
2025-01-16T05:00,-5.8,0.0,15.8,0,Clear sky
2025-01-16T06:00,-5.8,0.0,14.7,0,Clear sky
2025-01-16T07:00,-5.6,0.0,14.6,0,Clear sky
2025-01-16T08:00,-5.4,0.0,15.2,1,Partly cloudy
2025-01-16T09:00,-4.6,0.0,17.3,3,Partly cloudy
2025-01-16T10:00,-2.7,0.0,17.6,0,Clear sky
2025-01-16T11:00,-0.8,0.0,18.0,0,Clear sky
2025-01-16T12:00,0.8,0.0,15.9,0,Clear sky
2025-01-16T13:00,1.8,0.0,19.0,2,Partly cloudy
2025-01-16T14:00,2.2,0.0,17.0,3,Partly cloudy
2025-01-16T15:00,1.9,0.0,13.4,3,Partly cloudy
2025-01-16T16:00,1.9,0.0,12.4,3,Partly cloudy
2025-01-16T17:00,2.0,0.0,12.6,3,Partly cloudy
2025-01-16T18:00,1.6,0.0,13.3,3,Partly cloudy
2025-01-16T19:00,1.2,0.0,11.2,3,Partly cloudy
2025-01-16T20:00,0.5,0.0,7.2,3,Partly cloudy
2025-01-16T21:00,-0.1,0.0,9.4,3,Partly cloudy
2025-01-16T22:00,-0.6,0.0,10.2,2,Partly cloudy
2025-01-16T23:00,-1.5,0.0,9.7,3,Partly cloudy
2025-01-17T00:00,-2.3,0.0,9.6,2,Partly cloudy
2025-01-17T01:00,-3.0,0.0,8.9,3,Partly cloudy
2025-01-17T02:00,-3.8,0.0,10.2,3,Partly cloudy
2025-01-17T03:00,-4.2,0.0,9.7,3,Partly cloudy
2025-01-17T04:00,-4.6,0.0,9.8,3,Partly cloudy
2025-01-17T05:00,-4.8,0.0,11.4,2,Partly cloudy
2025-01-17T06:00,-4.6,0.0,14.2,1,Partly cloudy
2025-01-17T07:00,-4.2,0.0,16.0,0,Clear sky
2025-01-17T08:00,-3.1,0.0,17.7,0,Clear sky
2025-01-17T09:00,-2.7,0.0,19.3,0,Clear sky
2025-01-17T10:00,-1.5,0.0,19.7,0,Clear sky
2025-01-17T11:00,-0.2,0.0,19.1,0,Clear sky
2025-01-17T12:00,1.3,0.0,22.4,0,Clear sky
2025-01-17T13:00,2.5,0.0,24.6,0,Clear sky
2025-01-17T14:00,3.7,0.0,29.2,2,Partly cloudy
2025-01-17T15:00,4.7,0.0,28.7,0,Clear sky
2025-01-17T16:00,5.1,0.0,28.1,0,Clear sky
2025-01-17T17:00,4.5,0.0,24.6,0,Clear sky
2025-01-17T18:00,3.8,0.0,21.6,0,Clear sky
2025-01-17T19:00,3.5,0.0,19.7,0,Clear sky
2025-01-17T20:00,4.2,0.0,20.0,3,Partly cloudy
2025-01-17T21:00,4.2,0.0,19.2,3,Partly cloudy
2025-01-17T22:00,4.2,0.0,18.2,3,Partly cloudy
2025-01-17T23:00,4.0,0.0,16.8,3,Partly cloudy
2025-01-18T00:00,3.7,0.0,16.2,3,Partly cloudy
2025-01-18T01:00,3.2,0.0,13.6,3,Partly cloudy
2025-01-18T02:00,2.2,0.0,12.7,3,Partly cloudy
2025-01-18T03:00,1.8,0.0,16.2,3,Partly cloudy
2025-01-18T04:00,1.2,0.0,17.4,3,Partly cloudy
2025-01-18T05:00,0.6,0.0,19.9,3,Partly cloudy
2025-01-18T06:00,-0.6,0.0,21.5,3,Partly cloudy
2025-01-18T07:00,-1.7,0.0,21.2,3,Partly cloudy
2025-01-18T08:00,-0.2,0.0,21.5,3,Partly cloudy
2025-01-18T09:00,-1.1,0.0,24.5,3,Partly cloudy
2025-01-18T10:00,-1.9,0.0,24.8,3,Partly cloudy
2025-01-18T11:00,-2.6,0.0,23.8,3,Partly cloudy
2025-01-18T12:00,-3.2,0.0,20.6,2,Partly cloudy
2025-01-18T13:00,-3.5,0.0,18.4,2,Partly cloudy
2025-01-18T14:00,-3.5,0.0,16.2,3,Partly cloudy
2025-01-18T15:00,-3.5,0.0,14.2,3,Partly cloudy
2025-01-18T16:00,-3.4,0.0,13.0,0,Clear sky
2025-01-18T17:00,-3.8,0.0,12.5,0,Clear sky
2025-01-18T18:00,-4.5,0.0,11.5,2,Partly cloudy
2025-01-18T19:00,-4.9,0.0,13.8,2,Partly cloudy
2025-01-18T20:00,-4.3,0.0,13.1,3,Partly cloudy
2025-01-18T21:00,-4.9,0.0,15.2,3,Partly cloudy
2025-01-18T22:00,-5.8,0.0,16.1,3,Partly cloudy
2025-01-18T23:00,-6.9,0.0,18.0,3,Partly cloudy
2025-01-19T00:00,-8.1,0.0,18.2,3,Partly cloudy
2025-01-19T01:00,-9.2,0.0,18.1,3,Partly cloudy
2025-01-19T02:00,-10.1,0.0,17.9,3,Partly cloudy
2025-01-19T03:00,-10.9,0.0,18.0,3,Partly cloudy
2025-01-19T04:00,-11.6,0.0,17.9,3,Partly cloudy
2025-01-19T05:00,-12.4,0.0,17.8,3,Partly cloudy
2025-01-19T06:00,-13.0,0.0,17.4,3,Partly cloudy
2025-01-19T07:00,-13.6,0.0,17.2,3,Partly cloudy
2025-01-19T08:00,-13.8,0.0,15.5,3,Partly cloudy
2025-01-19T09:00,-14.2,0.0,16.4,3,Partly cloudy
2025-01-19T10:00,-14.2,0.0,17.1,3,Partly cloudy
2025-01-19T11:00,-13.9,0.0,16.7,3,Partly cloudy
2025-01-19T12:00,-13.2,0.0,15.3,0,Clear sky
2025-01-19T13:00,-12.6,0.0,15.5,0,Clear sky
2025-01-19T14:00,-12.4,0.0,16.0,0,Clear sky
2025-01-19T15:00,-12.1,0.0,17.1,0,Clear sky
2025-01-19T16:00,-12.5,0.0,17.2,0,Clear sky
2025-01-19T17:00,-13.1,0.0,16.5,0,Clear sky
2025-01-19T18:00,-13.9,0.0,15.0,0,Clear sky
2025-01-19T19:00,-14.4,0.0,17.0,0,Clear sky
2025-01-19T20:00,-14.7,0.0,17.1,1,Partly cloudy
2025-01-19T21:00,-15.2,0.0,16.6,0,Clear sky
2025-01-19T22:00,-15.7,0.0,17.0,0,Clear sky
2025-01-19T23:00,-16.1,0.0,16.2,0,Clear sky
2025-01-20T00:00,-16.5,0.0,15.4,0,Clear sky
2025-01-20T01:00,-16.8,0.0,16.1,0,Clear sky
2025-01-20T02:00,-17.0,0.0,15.6,0,Clear sky
2025-01-20T03:00,-17.2,0.0,14.6,0,Clear sky
2025-01-20T04:00,-17.4,0.0,14.3,0,Clear sky
2025-01-20T05:00,-17.5,0.0,13.7,0,Clear sky
2025-01-20T06:00,-17.7,0.0,13.3,0,Clear sky
2025-01-20T07:00,-17.7,0.0,13.1,0,Clear sky
2025-01-20T08:00,-18.5,0.0,14.0,0,Clear sky
2025-01-20T09:00,-18.1,0.0,13.0,0,Clear sky
2025-01-20T10:00,-17.0,0.0,15.0,0,Clear sky
2025-01-20T11:00,-15.4,0.0,15.4,0,Clear sky
2025-01-20T12:00,-13.9,0.0,18.8,0,Clear sky
2025-01-20T13:00,-12.5,0.0,21.9,1,Partly cloudy
2025-01-20T14:00,-11.9,0.0,23.1,0,Clear sky
2025-01-20T15:00,-11.7,0.0,21.8,0,Clear sky
2025-01-20T16:00,-11.8,0.0,20.4,0,Clear sky
2025-01-20T17:00,-12.1,0.0,19.2,0,Clear sky
2025-01-20T18:00,-12.7,0.0,15.5,0,Clear sky
2025-01-20T19:00,-13.3,0.0,13.7,0,Clear sky
2025-01-20T20:00,-13.4,0.0,12.8,0,Clear sky
2025-01-20T21:00,-13.9,0.0,10.7,0,Clear sky
2025-01-20T22:00,-14.3,0.0,10.8,3,Partly cloudy
2025-01-20T23:00,-14.8,0.0,14.7,3,Partly cloudy
2025-01-21T00:00,-15.4,0.0,14.3,3,Partly cloudy
2025-01-21T01:00,-16.1,0.0,14.8,2,Partly cloudy
2025-01-21T02:00,-17.2,0.0,15.2,0,Clear sky
2025-01-21T03:00,-18.1,0.0,14.6,0,Clear sky
2025-01-21T04:00,-18.7,0.0,15.0,0,Clear sky
2025-01-21T05:00,-19.2,0.0,14.8,0,Clear sky
2025-01-21T06:00,-19.6,0.0,15.0,0,Clear sky
2025-01-21T07:00,-20.0,0.0,13.7,0,Clear sky
2025-01-21T08:00,-21.0,0.0,14.8,2,Partly cloudy
2025-01-21T09:00,-21.0,0.0,15.7,3,Partly cloudy
2025-01-21T10:00,-21.0,0.0,17.2,2,Partly cloudy
2025-01-21T11:00,-19.9,0.0,18.7,0,Clear sky
2025-01-21T12:00,-19.0,0.0,18.0,0,Clear sky
2025-01-21T13:00,-18.5,0.0,16.9,0,Clear sky
2025-01-21T14:00,-18.0,0.0,16.9,0,Clear sky
2025-01-21T15:00,-17.7,0.0,16.5,0,Clear sky
2025-01-21T16:00,-17.3,0.0,16.3,0,Clear sky
2025-01-21T17:00,-17.4,0.0,15.4,0,Clear sky
2025-01-21T18:00,-17.7,0.0,13.6,0,Clear sky
2025-01-21T19:00,-17.8,0.0,12.6,0,Clear sky
2025-01-21T20:00,-17.9,0.0,13.4,0,Clear sky
2025-01-21T21:00,-18.0,0.0,14.0,0,Clear sky
2025-01-21T22:00,-18.0,0.0,15.5,0,Clear sky
2025-01-21T23:00,-18.0,0.0,16.4,0,Clear sky
2025-01-22T00:00,-18.2,0.0,16.9,0,Clear sky
2025-01-22T01:00,-18.2,0.0,17.5,0,Clear sky
2025-01-22T02:00,-18.1,0.0,16.8,2,Partly cloudy
2025-01-22T03:00,-17.9,0.0,17.7,3,Partly cloudy
2025-01-22T04:00,-17.4,0.0,16.7,2,Partly cloudy
2025-01-22T05:00,-17.2,0.0,20.9,3,Partly cloudy
2025-01-22T06:00,-16.4,0.0,23.1,3,Partly cloudy
2025-01-22T07:00,-15.6,0.0,19.8,3,Partly cloudy
2025-01-22T08:00,-13.9,0.0,27.5,3,Partly cloudy
2025-01-22T09:00,-13.1,0.1,27.6,71,Snow
2025-01-22T10:00,-12.4,0.1,21.9,71,Snow
2025-01-22T11:00,-11.1,0.1,20.3,71,Snow
2025-01-22T12:00,-9.9,0.2,19.6,71,Snow
2025-01-22T13:00,-8.6,0.1,17.8,71,Snow
2025-01-22T14:00,-6.8,0.0,19.2,3,Partly cloudy
2025-01-22T15:00,-5.8,0.0,18.7,3,Partly cloudy
2025-01-22T16:00,-5.2,0.0,18.0,3,Partly cloudy
2025-01-22T17:00,-4.9,0.0,16.8,3,Partly cloudy
2025-01-22T18:00,-5.1,0.0,15.9,3,Partly cloudy
2025-01-22T19:00,-5.2,0.0,15.6,3,Partly cloudy
2025-01-22T20:00,-5.5,0.0,14.5,3,Partly cloudy
2025-01-22T21:00,-5.4,0.0,15.7,3,Partly cloudy
2025-01-22T22:00,-5.4,0.1,14.7,71,Snow
2025-01-22T23:00,-5.5,0.1,13.7,71,Snow
2025-01-23T00:00,-5.7,0.2,13.1,71,Snow
2025-01-23T01:00,-5.8,0.2,13.2,71,Snow
2025-01-23T02:00,-5.8,0.1,13.4,71,Snow
2025-01-23T03:00,-5.8,0.1,13.0,71,Snow
2025-01-23T04:00,-5.8,0.0,12.6,3,Partly cloudy
2025-01-23T05:00,-5.9,0.0,13.0,3,Partly cloudy
2025-01-23T06:00,-5.2,0.1,12.7,71,Snow
2025-01-23T07:00,-5.0,0.1,16.2,71,Snow
2025-01-23T08:00,-4.2,0.1,15.5,71,Snow
2025-01-23T09:00,-6.2,0.0,19.3,3,Partly cloudy
2025-01-23T10:00,-8.1,0.0,17.9,3,Partly cloudy
2025-01-23T11:00,-9.1,0.0,16.7,0,Clear sky
2025-01-23T12:00,-9.4,0.0,15.1,0,Clear sky
2025-01-23T13:00,-9.4,0.0,14.7,0,Clear sky
2025-01-23T14:00,-9.5,0.0,15.2,0,Clear sky
2025-01-23T15:00,-9.6,0.0,15.8,0,Clear sky
2025-01-23T16:00,-9.9,0.0,14.9,1,Partly cloudy
2025-01-23T17:00,-10.6,0.0,13.5,0,Clear sky
2025-01-23T18:00,-11.3,0.0,11.7,0,Clear sky
2025-01-23T19:00,-11.8,0.0,11.0,0,Clear sky
2025-01-23T20:00,-11.2,0.0,12.1,0,Clear sky
2025-01-23T21:00,-11.9,0.0,12.4,0,Clear sky
2025-01-23T22:00,-12.4,0.0,12.4,0,Clear sky
2025-01-23T23:00,-12.9,0.0,12.3,0,Clear sky
2025-01-24T00:00,-13.2,0.0,11.7,0,Clear sky
2025-01-24T01:00,-13.7,0.0,10.4,0,Clear sky
2025-01-24T02:00,-14.1,0.0,9.9,0,Clear sky
2025-01-24T03:00,-14.6,0.0,9.4,0,Clear sky
2025-01-24T04:00,-15.0,0.0,8.8,0,Clear sky
2025-01-24T05:00,-15.6,0.0,7.8,0,Clear sky
2025-01-24T06:00,-16.2,0.0,6.9,0,Clear sky
2025-01-24T07:00,-16.5,0.0,8.3,0,Clear sky
2025-01-24T08:00,-16.5,0.0,7.6,0,Clear sky
2025-01-24T09:00,-16.5,0.0,7.6,0,Clear sky
2025-01-24T10:00,-15.4,0.0,8.5,0,Clear sky
2025-01-24T11:00,-13.8,0.0,8.1,0,Clear sky
2025-01-24T12:00,-11.9,0.0,8.6,0,Clear sky
2025-01-24T13:00,-10.5,0.0,10.7,3,Partly cloudy
2025-01-24T14:00,-9.4,0.0,12.6,3,Partly cloudy
2025-01-24T15:00,-8.9,0.0,12.5,3,Partly cloudy
2025-01-24T16:00,-8.6,0.0,11.9,3,Partly cloudy
2025-01-24T17:00,-8.5,0.0,11.1,3,Partly cloudy
2025-01-24T18:00,-8.8,0.0,13.1,3,Partly cloudy
2025-01-24T19:00,-8.9,0.0,14.4,3,Partly cloudy
2025-01-24T20:00,-7.8,0.0,14.9,3,Partly cloudy
2025-01-24T21:00,-7.6,0.0,15.7,3,Partly cloudy
2025-01-24T22:00,-7.2,0.0,17.3,3,Partly cloudy
2025-01-24T23:00,-7.1,0.0,17.8,3,Partly cloudy
2025-01-25T00:00,-6.7,0.0,17.8,3,Partly cloudy
2025-01-25T01:00,-6.4,0.0,17.7,3,Partly cloudy
2025-01-25T02:00,-6.6,0.0,17.7,3,Partly cloudy
2025-01-25T03:00,-6.4,0.0,16.9,3,Partly cloudy
2025-01-25T04:00,-6.2,0.0,14.8,2,Partly cloudy
2025-01-25T05:00,-6.4,0.0,13.6,2,Partly cloudy
2025-01-25T06:00,-6.6,0.0,13.6,3,Partly cloudy
2025-01-25T07:00,-6.6,0.0,12.6,2,Partly cloudy
2025-01-25T08:00,-5.8,0.0,12.9,1,Partly cloudy
2025-01-25T09:00,-5.8,0.0,12.5,1,Partly cloudy
2025-01-25T10:00,-4.7,0.0,13.6,1,Partly cloudy
2025-01-25T11:00,-3.0,0.0,13.5,1,Partly cloudy
2025-01-25T12:00,-1.2,0.0,14.2,1,Partly cloudy
2025-01-25T13:00,0.4,0.0,14.9,3,Partly cloudy
2025-01-25T14:00,1.9,0.0,16.4,1,Partly cloudy
2025-01-25T15:00,2.7,0.0,19.5,3,Partly cloudy
2025-01-25T16:00,2.8,0.0,21.8,3,Partly cloudy
2025-01-25T17:00,2.4,0.0,20.8,3,Partly cloudy
2025-01-25T18:00,1.1,0.0,20.9,0,Clear sky
2025-01-25T19:00,-0.1,0.0,20.3,1,Partly cloudy
2025-01-25T20:00,0.9,0.0,22.1,3,Partly cloudy
2025-01-25T21:00,0.9,0.0,21.6,3,Partly cloudy
2025-01-25T22:00,-0.2,0.0,21.5,3,Partly cloudy
2025-01-25T23:00,-1.5,0.0,19.5,3,Partly cloudy
2025-01-26T00:00,-2.5,0.0,17.8,3,Partly cloudy
2025-01-26T01:00,-3.5,0.0,16.5,1,Partly cloudy
2025-01-26T02:00,-4.4,0.0,15.0,3,Partly cloudy
2025-01-26T03:00,-5.2,0.0,13.1,3,Partly cloudy
2025-01-26T04:00,-5.7,0.0,12.7,3,Partly cloudy
2025-01-26T05:00,-6.3,0.0,13.5,3,Partly cloudy
2025-01-26T06:00,-7.1,0.0,13.5,3,Partly cloudy
2025-01-26T07:00,-7.8,0.0,12.1,3,Partly cloudy
2025-01-26T08:00,-7.8,0.0,11.1,3,Partly cloudy
2025-01-26T09:00,-7.9,0.0,10.9,3,Partly cloudy
2025-01-26T10:00,-7.4,0.0,10.8,3,Partly cloudy
2025-01-26T11:00,-6.3,0.0,9.6,3,Partly cloudy
2025-01-26T12:00,-5.0,0.0,7.9,3,Partly cloudy
2025-01-26T13:00,-3.7,0.0,7.0,3,Partly cloudy
2025-01-26T14:00,-2.4,0.0,7.4,2,Partly cloudy
2025-01-26T15:00,-1.4,0.0,8.4,1,Partly cloudy
2025-01-26T16:00,-1.1,0.0,8.8,3,Partly cloudy
2025-01-26T17:00,-1.5,0.0,9.5,1,Partly cloudy
2025-01-26T18:00,-2.7,0.0,9.3,1,Partly cloudy
2025-01-26T19:00,-3.3,0.0,9.0,1,Partly cloudy
2025-01-26T20:00,-3.5,0.0,10.8,0,Clear sky
2025-01-26T21:00,-4.2,0.0,12.3,0,Clear sky
2025-01-26T22:00,-4.9,0.0,13.6,0,Clear sky
2025-01-26T23:00,-5.6,0.0,15.0,0,Clear sky
2025-01-27T00:00,-6.1,0.0,15.5,0,Clear sky
2025-01-27T01:00,-6.5,0.0,15.3,0,Clear sky
2025-01-27T02:00,-6.9,0.0,15.5,0,Clear sky
2025-01-27T03:00,-7.1,0.0,15.8,0,Clear sky
2025-01-27T04:00,-7.1,0.0,15.7,0,Clear sky
2025-01-27T05:00,-7.1,0.0,16.1,0,Clear sky
2025-01-27T06:00,-7.0,0.0,16.9,0,Clear sky
2025-01-27T07:00,-6.8,0.0,17.2,0,Clear sky
2025-01-27T08:00,-7.3,0.0,18.4,0,Clear sky
2025-01-27T09:00,-6.6,0.0,19.7,0,Clear sky
2025-01-27T10:00,-5.1,0.0,20.7,0,Clear sky
2025-01-27T11:00,-3.4,0.0,20.0,0,Clear sky
2025-01-27T12:00,-1.5,0.0,21.8,0,Clear sky
2025-01-27T13:00,0.3,0.0,22.9,1,Partly cloudy
2025-01-27T14:00,2.0,0.0,24.2,2,Partly cloudy
2025-01-27T15:00,3.0,0.0,24.9,1,Partly cloudy
2025-01-27T16:00,3.2,0.0,24.2,3,Partly cloudy
2025-01-27T17:00,3.1,0.0,24.0,3,Partly cloudy
2025-01-27T18:00,2.8,0.0,23.6,3,Partly cloudy
2025-01-27T19:00,2.8,0.0,24.0,3,Partly cloudy
2025-01-27T20:00,4.2,0.0,25.4,3,Partly cloudy
2025-01-27T21:00,4.0,0.0,21.7,2,Partly cloudy
2025-01-27T22:00,3.8,0.0,19.5,3,Partly cloudy
2025-01-27T23:00,3.2,0.0,17.4,3,Partly cloudy
2025-01-28T00:00,2.3,0.0,15.4,0,Clear sky
2025-01-28T01:00,1.5,0.0,14.1,0,Clear sky
2025-01-28T02:00,0.6,0.0,12.5,0,Clear sky
2025-01-28T03:00,0.1,0.0,12.5,0,Clear sky
2025-01-28T04:00,-0.4,0.0,12.9,0,Clear sky
2025-01-28T05:00,-0.8,0.0,12.5,0,Clear sky
2025-01-28T06:00,-1.2,0.0,11.9,0,Clear sky
2025-01-28T07:00,-1.6,0.0,10.1,0,Clear sky
2025-01-28T08:00,-2.6,0.0,8.8,0,Clear sky
2025-01-28T09:00,-2.5,0.0,9.5,3,Partly cloudy
2025-01-28T10:00,-1.0,0.0,8.6,3,Partly cloudy
2025-01-28T11:00,0.7,0.0,9.9,3,Partly cloudy
2025-01-28T12:00,2.5,0.0,15.2,2,Partly cloudy
2025-01-28T13:00,3.6,0.0,19.5,2,Partly cloudy
2025-01-28T14:00,4.5,0.0,22.2,2,Partly cloudy
2025-01-28T15:00,5.3,0.0,24.2,1,Partly cloudy
2025-01-28T16:00,5.8,0.0,25.2,2,Partly cloudy
2025-01-28T17:00,5.7,0.0,25.2,0,Clear sky
2025-01-28T18:00,5.2,0.0,26.1,0,Clear sky
2025-01-28T19:00,5.0,0.0,26.2,0,Clear sky
2025-01-28T20:00,6.8,0.0,27.7,0,Clear sky
2025-01-28T21:00,6.8,0.0,25.6,0,Clear sky
2025-01-28T22:00,6.4,0.0,23.5,0,Clear sky
2025-01-28T23:00,5.9,0.0,21.6,0,Clear sky
2025-01-29T00:00,5.4,0.0,21.2,0,Clear sky
2025-01-29T01:00,4.9,0.0,22.4,0,Clear sky
2025-01-29T02:00,4.3,0.0,21.4,0,Clear sky
2025-01-29T03:00,3.7,0.0,20.2,0,Clear sky
2025-01-29T04:00,3.2,0.0,20.0,1,Partly cloudy
2025-01-29T05:00,2.8,0.0,19.9,1,Partly cloudy
2025-01-29T06:00,2.3,0.0,19.4,1,Partly cloudy
2025-01-29T07:00,2.0,0.0,18.2,1,Partly cloudy
2025-01-29T08:00,1.9,0.0,19.1,3,Partly cloudy
2025-01-29T09:00,1.8,0.0,17.9,3,Partly cloudy
2025-01-29T10:00,2.6,0.0,17.5,2,Partly cloudy
2025-01-29T11:00,3.7,0.0,16.0,1,Partly cloudy
2025-01-29T12:00,4.7,0.0,15.8,2,Partly cloudy
2025-01-29T13:00,5.5,0.0,15.8,3,Partly cloudy
2025-01-29T14:00,6.1,0.0,15.2,1,Partly cloudy
2025-01-29T15:00,6.4,0.0,18.3,1,Partly cloudy
2025-01-29T16:00,6.1,0.0,15.1,2,Partly cloudy
2025-01-29T17:00,5.7,0.0,12.1,0,Clear sky
2025-01-29T18:00,4.2,0.0,9.6,0,Clear sky
2025-01-29T19:00,3.1,0.0,8.5,0,Clear sky
2025-01-29T20:00,3.2,0.0,7.0,0,Clear sky
2025-01-29T21:00,2.3,0.0,6.3,0,Clear sky
2025-01-29T22:00,1.7,0.0,6.5,0,Clear sky
2025-01-29T23:00,0.5,0.0,5.0,0,Clear sky
2025-01-30T00:00,-0.3,0.0,4.7,0,Clear sky
2025-01-30T01:00,-0.8,0.0,4.3,0,Clear sky
2025-01-30T02:00,-1.0,0.0,3.9,0,Clear sky
2025-01-30T03:00,-1.3,0.0,1.0,0,Clear sky
2025-01-30T04:00,-2.0,0.0,2.9,0,Clear sky
2025-01-30T05:00,-1.9,0.0,4.3,0,Clear sky
2025-01-30T06:00,-1.7,0.0,6.7,0,Clear sky
2025-01-30T07:00,-1.6,0.0,10.1,0,Clear sky
2025-01-30T08:00,-2.4,0.0,11.3,0,Clear sky
2025-01-30T09:00,-1.1,0.0,9.0,0,Clear sky
2025-01-30T10:00,0.9,0.0,12.4,2,Partly cloudy
2025-01-30T11:00,3.8,0.0,11.0,3,Partly cloudy
2025-01-30T12:00,5.7,0.0,15.6,3,Partly cloudy
2025-01-30T13:00,7.1,0.0,16.7,3,Partly cloudy
2025-01-30T14:00,8.4,0.0,20.0,3,Partly cloudy
2025-01-30T15:00,8.4,0.0,17.5,3,Partly cloudy
2025-01-30T16:00,8.1,0.0,18.4,3,Partly cloudy
2025-01-30T17:00,7.7,0.0,15.6,3,Partly cloudy
2025-01-30T18:00,6.7,0.0,15.9,3,Partly cloudy
2025-01-30T19:00,5.6,2.7,12.7,63,Rain
2025-01-30T20:00,5.1,2.8,13.9,63,Rain
2025-01-30T21:00,5.0,9.1,12.4,65,Rain
2025-01-30T22:00,4.6,0.6,10.6,53,Drizzle
2025-01-30T23:00,4.4,0.7,9.4,53,Drizzle
2025-01-31T00:00,4.2,0.9,8.4,53,Drizzle
2025-01-31T01:00,4.2,0.5,3.4,53,Drizzle
2025-01-31T02:00,4.0,0.1,6.7,51,Drizzle
2025-01-31T03:00,3.5,0.4,6.1,51,Drizzle
2025-01-31T04:00,3.1,0.1,8.9,51,Drizzle
2025-01-31T05:00,2.8,0.0,8.7,3,Partly cloudy
2025-01-31T06:00,2.7,0.0,9.4,3,Partly cloudy
2025-01-31T07:00,2.5,0.1,10.1,51,Drizzle
2025-01-31T08:00,2.5,0.1,13.8,51,Drizzle
2025-01-31T09:00,2.5,0.6,12.9,53,Drizzle
2025-01-31T10:00,2.5,3.2,14.9,63,Rain
2025-01-31T11:00,2.4,6.1,17.8,63,Rain
2025-01-31T12:00,2.5,4.3,24.6,63,Rain
2025-01-31T13:00,2.8,4.2,25.9,63,Rain
2025-01-31T14:00,2.5,5.2,25.1,63,Rain
2025-01-31T15:00,2.5,3.5,22.8,63,Rain
2025-01-31T16:00,2.3,1.4,23.8,61,Rain
2025-01-31T17:00,2.1,0.1,24.1,51,Drizzle
2025-01-31T18:00,1.9,0.0,24.8,0,Clear sky
2025-01-31T19:00,1.6,0.0,26.6,0,Clear sky
2025-01-31T20:00,1.5,0.0,25.7,0,Clear sky
2025-01-31T21:00,1.2,0.0,25.5,0,Clear sky
2025-01-31T22:00,1.0,0.0,22.6,0,Clear sky
2025-01-31T23:00,1.0,0.0,19.8,1,Partly cloudy
2025-02-01T00:00,0.9,0.0,19.1,3,Partly cloudy
2025-02-01T01:00,0.6,0.0,20.4,3,Partly cloudy
2025-02-01T02:00,0.1,0.0,20.0,3,Partly cloudy
2025-02-01T03:00,-0.6,0.0,19.3,3,Partly cloudy
2025-02-01T04:00,-0.9,0.0,17.5,3,Partly cloudy
2025-02-01T05:00,-1.0,0.0,17.2,3,Partly cloudy
2025-02-01T06:00,-1.6,0.0,16.9,3,Partly cloudy
2025-02-01T07:00,-2.0,0.0,16.5,3,Partly cloudy
2025-02-01T08:00,-1.8,0.0,14.9,3,Partly cloudy
2025-02-01T09:00,-1.9,0.0,13.8,3,Partly cloudy
2025-02-01T10:00,-1.5,0.0,14.4,3,Partly cloudy
2025-02-01T11:00,-1.2,0.0,13.9,3,Partly cloudy
2025-02-01T12:00,-1.4,0.0,14.9,3,Partly cloudy
2025-02-01T13:00,-2.1,0.0,13.6,3,Partly cloudy
2025-02-01T14:00,-2.0,0.0,12.6,3,Partly cloudy
2025-02-01T15:00,-1.8,0.0,11.3,3,Partly cloudy
2025-02-01T16:00,-1.5,0.0,10.4,3,Partly cloudy
2025-02-01T17:00,-1.6,0.0,11.5,3,Partly cloudy
2025-02-01T18:00,-1.1,0.0,12.8,3,Partly cloudy
2025-02-01T19:00,-0.6,0.0,18.0,3,Partly cloudy
2025-02-01T20:00,-0.2,0.0,18.6,3,Partly cloudy
2025-02-01T21:00,0.0,0.0,18.8,3,Partly cloudy
2025-02-01T22:00,-0.2,0.0,18.1,3,Partly cloudy
2025-02-01T23:00,-0.5,0.0,18.5,3,Partly cloudy
2025-02-02T00:00,-0.6,0.0,17.7,3,Partly cloudy
2025-02-02T01:00,-0.6,0.0,15.3,3,Partly cloudy
2025-02-02T02:00,-0.4,0.0,15.0,3,Partly cloudy
2025-02-02T03:00,-0.2,0.0,16.9,3,Partly cloudy
2025-02-02T04:00,0.1,0.0,16.2,3,Partly cloudy
2025-02-02T05:00,0.3,0.2,16.2,71,Snow
2025-02-02T06:00,0.7,0.2,16.1,71,Snow
2025-02-02T07:00,1.2,0.0,14.3,3,Partly cloudy
2025-02-02T08:00,0.9,0.1,10.3,51,Drizzle
2025-02-02T09:00,1.3,0.0,11.4,3,Partly cloudy
2025-02-02T10:00,2.2,0.0,10.2,3,Partly cloudy
2025-02-02T11:00,3.5,0.0,11.0,3,Partly cloudy
2025-02-02T12:00,5.7,0.0,11.9,3,Partly cloudy
2025-02-02T13:00,6.8,0.0,12.0,3,Partly cloudy
2025-02-02T14:00,7.1,0.0,11.4,3,Partly cloudy
2025-02-02T15:00,7.9,0.0,11.6,3,Partly cloudy
2025-02-02T16:00,8.8,0.0,6.4,1,Partly cloudy
2025-02-02T17:00,8.6,0.0,6.4,0,Clear sky
2025-02-02T18:00,6.2,0.0,3.2,3,Partly cloudy
2025-02-02T19:00,4.9,0.0,5.2,3,Partly cloudy
2025-02-02T20:00,4.3,0.0,7.0,3,Partly cloudy
2025-02-02T21:00,3.8,0.0,6.5,3,Partly cloudy
2025-02-02T22:00,3.5,0.0,8.2,3,Partly cloudy
2025-02-02T23:00,3.4,0.0,9.8,3,Partly cloudy
2025-02-03T00:00,3.4,0.0,11.7,3,Partly cloudy
2025-02-03T01:00,3.5,0.0,12.6,3,Partly cloudy
2025-02-03T02:00,3.7,0.0,10.2,3,Partly cloudy
2025-02-03T03:00,3.8,0.0,9.9,3,Partly cloudy
2025-02-03T04:00,3.8,0.0,11.7,3,Partly cloudy
2025-02-03T05:00,4.1,0.0,12.5,3,Partly cloudy
2025-02-03T06:00,4.2,0.0,11.8,3,Partly cloudy
2025-02-03T07:00,4.2,0.0,10.0,3,Partly cloudy
2025-02-03T08:00,4.4,0.0,6.7,3,Partly cloudy
2025-02-03T09:00,4.4,0.0,4.1,3,Partly cloudy
2025-02-03T10:00,5.3,0.0,1.8,3,Partly cloudy
2025-02-03T11:00,6.0,0.0,2.6,3,Partly cloudy
2025-02-03T12:00,7.2,0.0,3.9,3,Partly cloudy
2025-02-03T13:00,5.8,0.0,13.4,3,Partly cloudy
2025-02-03T14:00,3.6,0.0,14.0,3,Partly cloudy
2025-02-03T15:00,3.0,0.0,15.7,3,Partly cloudy
2025-02-03T16:00,2.6,0.0,17.0,3,Partly cloudy
2025-02-03T17:00,1.9,0.0,21.6,3,Partly cloudy
2025-02-03T18:00,1.6,0.0,19.3,3,Partly cloudy
2025-02-03T19:00,1.5,0.0,20.3,3,Partly cloudy
2025-02-03T20:00,1.6,0.0,19.4,3,Partly cloudy
2025-02-03T21:00,1.5,0.0,17.0,3,Partly cloudy
2025-02-03T22:00,1.4,0.0,16.7,3,Partly cloudy
2025-02-03T23:00,1.2,0.0,18.9,3,Partly cloudy
2025-02-04T00:00,0.9,0.0,19.0,3,Partly cloudy
2025-02-04T01:00,0.5,0.0,18.7,3,Partly cloudy
2025-02-04T02:00,0.2,0.0,14.9,0,Clear sky
2025-02-04T03:00,-0.6,0.0,11.4,0,Clear sky
2025-02-04T04:00,-1.2,0.0,12.0,0,Clear sky
2025-02-04T05:00,-1.7,0.0,15.3,0,Clear sky
2025-02-04T06:00,-2.4,0.0,16.4,0,Clear sky
2025-02-04T07:00,-3.3,0.0,15.6,0,Clear sky
2025-02-04T08:00,-3.0,0.0,18.1,1,Partly cloudy
2025-02-04T09:00,-4.0,0.0,19.5,2,Partly cloudy
2025-02-04T10:00,-3.9,0.0,18.0,0,Clear sky
2025-02-04T11:00,-3.6,0.0,20.9,3,Partly cloudy
2025-02-04T12:00,-3.5,0.0,20.2,3,Partly cloudy
2025-02-04T13:00,-3.5,0.0,19.2,3,Partly cloudy
2025-02-04T14:00,-3.4,0.0,20.4,3,Partly cloudy
2025-02-04T15:00,-4.0,0.0,20.9,3,Partly cloudy
2025-02-04T16:00,-4.4,0.0,19.3,3,Partly cloudy
2025-02-04T17:00,-4.7,0.0,18.2,3,Partly cloudy
2025-02-04T18:00,-4.7,0.0,16.9,3,Partly cloudy
2025-02-04T19:00,-4.4,0.0,16.7,3,Partly cloudy
2025-02-04T20:00,-4.1,0.0,17.4,3,Partly cloudy
2025-02-04T21:00,-3.9,0.0,17.9,3,Partly cloudy
2025-02-04T22:00,-3.7,0.0,18.4,3,Partly cloudy
2025-02-04T23:00,-3.4,0.0,18.1,3,Partly cloudy
2025-02-05T00:00,-3.2,0.0,17.1,3,Partly cloudy
2025-02-05T01:00,-3.2,0.0,15.9,3,Partly cloudy
2025-02-05T02:00,-3.2,0.0,16.9,3,Partly cloudy
2025-02-05T03:00,-3.3,0.0,16.4,3,Partly cloudy
2025-02-05T04:00,-3.4,0.0,16.1,3,Partly cloudy
2025-02-05T05:00,-3.5,0.0,15.8,3,Partly cloudy
2025-02-05T06:00,-3.7,0.0,15.3,3,Partly cloudy
2025-02-05T07:00,-3.8,0.0,14.4,3,Partly cloudy
2025-02-05T08:00,-3.7,0.0,13.9,3,Partly cloudy
2025-02-05T09:00,-3.3,0.0,15.3,3,Partly cloudy
2025-02-05T10:00,-3.1,0.0,15.8,3,Partly cloudy
2025-02-05T11:00,-2.7,0.0,15.5,3,Partly cloudy
2025-02-05T12:00,-2.4,0.0,13.8,3,Partly cloudy
2025-02-05T13:00,-2.2,0.0,12.1,3,Partly cloudy
2025-02-05T14:00,-1.6,0.0,14.1,3,Partly cloudy
2025-02-05T15:00,-1.4,0.0,14.4,3,Partly cloudy
2025-02-05T16:00,-1.2,0.0,14.4,3,Partly cloudy
2025-02-05T17:00,-0.7,0.0,14.2,3,Partly cloudy
2025-02-05T18:00,-0.3,0.0,14.4,3,Partly cloudy
2025-02-05T19:00,-0.2,0.0,14.6,3,Partly cloudy
2025-02-05T20:00,-0.9,0.1,17.3,51,Drizzle
2025-02-05T21:00,-1.0,0.5,16.0,71,Snow
2025-02-05T22:00,-1.1,0.1,13.2,51,Drizzle
2025-02-05T23:00,-1.1,0.2,11.6,51,Drizzle
2025-02-06T00:00,-1.1,0.4,9.8,51,Drizzle
2025-02-06T01:00,-1.0,0.2,8.6,51,Drizzle
2025-02-06T02:00,-0.9,0.1,6.0,51,Drizzle
2025-02-06T03:00,-0.8,0.1,3.7,51,Drizzle
2025-02-06T04:00,-0.8,0.1,6.1,71,Snow
2025-02-06T05:00,-0.6,0.2,9.7,71,Snow
2025-02-06T06:00,-0.4,0.0,12.3,3,Partly cloudy
2025-02-06T07:00,-0.4,0.0,14.2,3,Partly cloudy
2025-02-06T08:00,-1.2,0.0,14.4,3,Partly cloudy
2025-02-06T09:00,-0.8,0.0,13.5,3,Partly cloudy
2025-02-06T10:00,-0.1,0.0,19.1,3,Partly cloudy
2025-02-06T11:00,0.3,0.0,23.2,3,Partly cloudy
2025-02-06T12:00,0.8,0.0,23.4,3,Partly cloudy
2025-02-06T13:00,1.9,0.0,24.1,3,Partly cloudy
2025-02-06T14:00,2.2,0.0,18.3,3,Partly cloudy
2025-02-06T15:00,2.2,0.0,17.4,0,Clear sky
2025-02-06T16:00,2.7,0.0,17.7,0,Clear sky
2025-02-06T17:00,2.5,0.0,19.1,2,Partly cloudy
2025-02-06T18:00,2.3,0.0,22.0,3,Partly cloudy
2025-02-06T19:00,2.2,0.0,24.1,2,Partly cloudy
2025-02-06T20:00,1.4,0.0,26.7,0,Clear sky
2025-02-06T21:00,0.9,0.0,26.1,0,Clear sky
2025-02-06T22:00,0.3,0.0,24.4,0,Clear sky
2025-02-06T23:00,-0.4,0.0,21.6,0,Clear sky
2025-02-07T00:00,-1.8,0.0,21.3,0,Clear sky
2025-02-07T01:00,-3.2,0.0,20.0,0,Clear sky
2025-02-07T02:00,-4.4,0.0,16.9,2,Partly cloudy
2025-02-07T03:00,-5.3,0.0,15.4,1,Partly cloudy
2025-02-07T04:00,-6.5,0.0,16.9,2,Partly cloudy
2025-02-07T05:00,-7.3,0.0,14.2,3,Partly cloudy
2025-02-07T06:00,-7.8,0.0,12.5,3,Partly cloudy
2025-02-07T07:00,-7.8,0.0,10.5,3,Partly cloudy
2025-02-07T08:00,-7.1,0.0,9.2,3,Partly cloudy
2025-02-07T09:00,-6.8,0.0,8.0,3,Partly cloudy
2025-02-07T10:00,-6.2,0.0,5.8,3,Partly cloudy
2025-02-07T11:00,-5.2,0.0,4.2,3,Partly cloudy
2025-02-07T12:00,-3.7,0.0,3.8,3,Partly cloudy
2025-02-07T13:00,-2.5,0.0,4.1,1,Partly cloudy
2025-02-07T14:00,-1.5,0.0,3.6,1,Partly cloudy
2025-02-07T15:00,-0.9,0.0,3.5,2,Partly cloudy
2025-02-07T16:00,-0.7,0.0,4.3,1,Partly cloudy
2025-02-07T17:00,-1.0,0.0,5.9,3,Partly cloudy
2025-02-07T18:00,-1.9,0.0,6.0,3,Partly cloudy
2025-02-07T19:00,-2.5,0.0,6.4,3,Partly cloudy
2025-02-07T20:00,-3.0,0.0,5.5,3,Partly cloudy
2025-02-07T21:00,-3.0,0.0,5.5,3,Partly cloudy
2025-02-07T22:00,-2.8,0.0,6.2,3,Partly cloudy
2025-02-07T23:00,-2.5,0.0,6.8,3,Partly cloudy
2025-02-08T00:00,-2.5,0.0,6.7,3,Partly cloudy
2025-02-08T01:00,-2.5,0.0,7.2,3,Partly cloudy
2025-02-08T02:00,-2.3,0.0,8.7,3,Partly cloudy
2025-02-08T03:00,-2.0,0.0,11.2,3,Partly cloudy
2025-02-08T04:00,-1.7,0.0,12.5,3,Partly cloudy
2025-02-08T05:00,-1.8,0.0,13.0,3,Partly cloudy
2025-02-08T06:00,-1.6,0.0,13.8,3,Partly cloudy
2025-02-08T07:00,-1.6,0.0,15.3,3,Partly cloudy
2025-02-08T08:00,-1.4,0.0,14.0,3,Partly cloudy
2025-02-08T09:00,-1.0,0.0,13.3,3,Partly cloudy
2025-02-08T10:00,-0.7,0.0,14.5,3,Partly cloudy
2025-02-08T11:00,-0.2,0.0,12.5,3,Partly cloudy
2025-02-08T12:00,0.2,0.0,10.9,3,Partly cloudy
2025-02-08T13:00,0.1,0.0,10.9,3,Partly cloudy
2025-02-08T14:00,0.1,0.1,10.2,71,Snow
2025-02-08T15:00,-0.3,0.1,9.8,71,Snow
2025-02-08T16:00,-0.5,0.0,9.5,3,Partly cloudy
2025-02-08T17:00,-0.6,0.0,10.2,3,Partly cloudy
2025-02-08T18:00,-0.7,0.1,11.4,71,Snow
2025-02-08T19:00,-0.7,0.1,10.8,71,Snow
2025-02-08T20:00,-0.9,0.0,11.6,3,Partly cloudy
2025-02-08T21:00,-1.0,0.0,11.6,3,Partly cloudy
2025-02-08T22:00,-1.2,0.0,11.9,3,Partly cloudy
2025-02-08T23:00,-1.1,0.0,12.7,1,Partly cloudy
2025-02-09T00:00,-1.5,0.0,12.9,3,Partly cloudy
2025-02-09T01:00,-1.9,0.0,15.2,3,Partly cloudy
2025-02-09T02:00,-2.0,0.0,15.8,2,Partly cloudy
2025-02-09T03:00,-2.2,0.0,14.4,0,Clear sky
2025-02-09T04:00,-2.7,0.0,14.0,0,Clear sky
2025-02-09T05:00,-2.8,0.0,14.8,3,Partly cloudy
2025-02-09T06:00,-3.5,0.0,14.1,3,Partly cloudy
2025-02-09T07:00,-4.0,0.0,12.2,3,Partly cloudy
2025-02-09T08:00,-4.3,0.0,11.6,3,Partly cloudy
2025-02-09T09:00,-4.5,0.0,11.0,3,Partly cloudy
2025-02-09T10:00,-4.2,0.0,9.2,3,Partly cloudy
2025-02-09T11:00,-3.7,0.0,7.7,3,Partly cloudy
2025-02-09T12:00,-2.9,0.0,6.6,3,Partly cloudy
2025-02-09T13:00,-2.2,0.0,5.6,3,Partly cloudy
2025-02-09T14:00,-1.5,0.0,4.3,3,Partly cloudy
2025-02-09T15:00,-1.1,0.0,4.7,3,Partly cloudy
2025-02-09T16:00,-0.9,0.0,5.6,3,Partly cloudy
2025-02-09T17:00,-0.9,0.0,8.1,0,Clear sky
2025-02-09T18:00,-1.6,0.0,6.7,0,Clear sky
2025-02-09T19:00,-2.5,0.0,5.6,3,Partly cloudy
2025-02-09T20:00,-2.6,0.0,7.7,0,Clear sky
2025-02-09T21:00,-2.8,0.0,9.4,0,Clear sky
2025-02-09T22:00,-3.2,0.0,10.5,0,Clear sky
2025-02-09T23:00,-3.6,0.0,10.7,0,Clear sky
2025-02-10T00:00,-4.1,0.0,10.8,0,Clear sky
2025-02-10T01:00,-4.7,0.0,10.3,0,Clear sky
2025-02-10T02:00,-5.2,0.0,9.8,0,Clear sky
2025-02-10T03:00,-5.8,0.0,8.8,0,Clear sky
2025-02-10T04:00,-6.2,0.0,8.0,0,Clear sky
2025-02-10T05:00,-6.6,0.0,7.2,0,Clear sky
2025-02-10T06:00,-6.9,0.0,6.8,0,Clear sky
2025-02-10T07:00,-7.2,0.0,7.3,0,Clear sky
2025-02-10T08:00,-8.6,0.0,7.9,0,Clear sky
2025-02-10T09:00,-7.7,0.0,8.9,0,Clear sky
2025-02-10T10:00,-5.8,0.0,8.0,0,Clear sky
2025-02-10T11:00,-3.8,0.0,8.1,0,Clear sky
2025-02-10T12:00,-2.1,0.0,6.7,1,Partly cloudy
2025-02-10T13:00,-0.6,0.0,4.7,1,Partly cloudy
2025-02-10T14:00,-0.1,0.0,1.9,2,Partly cloudy
2025-02-10T15:00,0.1,0.0,1.7,2,Partly cloudy
2025-02-10T16:00,-0.3,0.0,4.9,3,Partly cloudy
2025-02-10T17:00,-1.3,0.0,8.5,3,Partly cloudy
2025-02-10T18:00,-2.3,0.0,8.2,3,Partly cloudy
2025-02-10T19:00,-2.8,0.0,6.1,3,Partly cloudy
2025-02-10T20:00,-2.8,0.0,6.4,3,Partly cloudy
2025-02-10T21:00,-2.8,0.0,7.2,3,Partly cloudy
2025-02-10T22:00,-2.7,0.0,6.9,3,Partly cloudy
2025-02-10T23:00,-2.7,0.0,5.4,3,Partly cloudy
2025-02-11T00:00,-2.8,0.0,3.6,3,Partly cloudy
2025-02-11T01:00,-3.0,0.0,2.6,3,Partly cloudy
2025-02-11T02:00,-3.2,0.0,1.3,3,Partly cloudy
2025-02-11T03:00,-3.3,0.0,2.8,3,Partly cloudy
2025-02-11T04:00,-3.0,0.0,6.3,3,Partly cloudy
2025-02-11T05:00,-2.8,0.0,11.7,3,Partly cloudy
2025-02-11T06:00,-2.8,0.0,19.1,3,Partly cloudy
2025-02-11T07:00,-3.5,0.1,19.2,71,Snow
2025-02-11T08:00,-4.0,0.2,18.1,71,Snow
2025-02-11T09:00,-4.1,0.1,18.3,71,Snow
2025-02-11T10:00,-3.9,0.0,18.6,3,Partly cloudy
2025-02-11T11:00,-3.8,0.0,18.9,3,Partly cloudy
2025-02-11T12:00,-3.8,0.0,18.1,3,Partly cloudy
2025-02-11T13:00,-3.8,0.0,17.8,3,Partly cloudy
2025-02-11T14:00,-3.8,0.0,18.0,3,Partly cloudy
2025-02-11T15:00,-3.9,0.0,18.3,3,Partly cloudy
2025-02-11T16:00,-4.0,0.0,17.8,3,Partly cloudy
2025-02-11T17:00,-4.2,0.0,18.4,3,Partly cloudy
2025-02-11T18:00,-4.4,0.0,18.5,3,Partly cloudy
2025-02-11T19:00,-4.4,0.0,18.6,3,Partly cloudy
2025-02-11T20:00,-4.2,0.0,16.4,3,Partly cloudy
2025-02-11T21:00,-4.2,0.0,16.5,3,Partly cloudy
2025-02-11T22:00,-4.2,0.0,16.9,3,Partly cloudy
2025-02-11T23:00,-4.1,0.0,16.5,3,Partly cloudy
2025-02-12T00:00,-4.1,0.0,16.4,3,Partly cloudy
2025-02-12T01:00,-3.9,0.0,15.0,3,Partly cloudy
2025-02-12T02:00,-3.9,0.2,15.3,71,Snow
2025-02-12T03:00,-3.8,0.2,16.8,71,Snow
2025-02-12T04:00,-3.8,0.3,17.1,73,Snow
2025-02-12T05:00,-3.8,0.2,17.8,71,Snow
2025-02-12T06:00,-3.8,0.1,19.4,71,Snow
2025-02-12T07:00,-3.8,0.0,18.6,3,Partly cloudy
2025-02-12T08:00,-3.7,0.0,19.3,3,Partly cloudy
2025-02-12T09:00,-3.2,0.0,18.7,3,Partly cloudy
2025-02-12T10:00,-2.8,0.0,18.4,3,Partly cloudy
2025-02-12T11:00,-2.8,0.0,17.6,3,Partly cloudy
2025-02-12T12:00,-2.6,0.1,17.2,71,Snow
2025-02-12T13:00,-3.0,0.8,19.0,73,Snow
2025-02-12T14:00,-3.2,1.3,21.9,75,Snow
2025-02-12T15:00,-3.0,1.6,24.1,75,Snow
2025-02-12T16:00,-2.8,1.2,21.5,75,Snow
2025-02-12T17:00,-2.8,0.5,20.3,73,Snow
2025-02-12T18:00,-2.7,0.2,17.2,71,Snow
2025-02-12T19:00,-2.7,0.2,14.0,71,Snow
2025-02-12T20:00,-3.0,0.2,11.7,71,Snow
2025-02-12T21:00,-3.0,0.9,9.4,73,Snow
2025-02-12T22:00,-3.1,0.6,6.2,73,Snow
2025-02-12T23:00,-3.1,0.3,5.2,73,Snow
2025-02-13T00:00,-3.0,0.2,7.4,71,Snow
2025-02-13T01:00,-3.0,0.1,9.6,71,Snow
2025-02-13T02:00,-2.8,0.1,14.1,71,Snow
2025-02-13T03:00,-3.5,0.1,19.3,71,Snow
2025-02-13T04:00,-5.2,0.1,17.7,71,Snow
2025-02-13T05:00,-6.2,0.0,17.7,3,Partly cloudy
2025-02-13T06:00,-7.3,0.0,17.7,3,Partly cloudy
2025-02-13T07:00,-8.0,0.1,18.1,71,Snow
2025-02-13T08:00,-8.1,0.1,17.8,71,Snow
2025-02-13T09:00,-8.6,0.1,18.8,51,Drizzle
2025-02-13T10:00,-9.2,0.0,20.4,3,Partly cloudy
2025-02-13T11:00,-9.9,0.0,19.6,3,Partly cloudy
2025-02-13T12:00,-10.3,0.0,19.8,3,Partly cloudy
2025-02-13T13:00,-10.6,0.0,19.1,0,Clear sky
2025-02-13T14:00,-11.1,0.0,18.7,0,Clear sky
2025-02-13T15:00,-11.1,0.0,17.8,0,Clear sky
2025-02-13T16:00,-11.3,0.0,16.1,0,Clear sky
2025-02-13T17:00,-11.6,0.0,15.5,0,Clear sky
2025-02-13T18:00,-12.1,0.0,13.8,0,Clear sky
2025-02-13T19:00,-12.9,0.0,14.1,0,Clear sky
2025-02-13T20:00,-12.4,0.0,17.1,0,Clear sky
2025-02-13T21:00,-13.2,0.0,16.8,0,Clear sky
2025-02-13T22:00,-14.0,0.0,15.2,0,Clear sky
2025-02-13T23:00,-14.6,0.0,15.4,0,Clear sky
2025-02-14T00:00,-15.1,0.0,13.2,0,Clear sky
2025-02-14T01:00,-15.6,0.0,12.2,0,Clear sky
2025-02-14T02:00,-16.1,0.0,9.5,0,Clear sky
2025-02-14T03:00,-16.5,0.0,8.7,0,Clear sky
2025-02-14T04:00,-16.8,0.0,8.1,0,Clear sky
2025-02-14T05:00,-17.0,0.0,8.3,0,Clear sky
2025-02-14T06:00,-17.0,0.0,9.2,3,Partly cloudy
2025-02-14T07:00,-18.1,0.0,4.8,3,Partly cloudy
2025-02-14T08:00,-17.0,0.0,9.0,2,Partly cloudy
2025-02-14T09:00,-16.2,0.0,7.9,3,Partly cloudy
2025-02-14T10:00,-14.3,0.0,11.5,3,Partly cloudy
2025-02-14T11:00,-12.0,0.0,9.1,3,Partly cloudy
2025-02-14T12:00,-10.0,0.0,10.4,3,Partly cloudy
2025-02-14T13:00,-8.6,0.0,10.8,3,Partly cloudy
2025-02-14T14:00,-7.4,0.0,11.5,3,Partly cloudy
2025-02-14T15:00,-6.4,0.0,12.4,3,Partly cloudy
2025-02-14T16:00,-5.8,0.0,12.6,3,Partly cloudy
2025-02-14T17:00,-5.1,0.0,12.5,3,Partly cloudy
2025-02-14T18:00,-4.7,0.0,16.7,3,Partly cloudy
2025-02-14T19:00,-4.3,0.0,16.4,3,Partly cloudy
2025-02-14T20:00,-4.9,0.7,19.2,73,Snow
2025-02-14T21:00,-4.7,1.6,16.6,75,Snow
2025-02-14T22:00,-4.4,2.4,18.5,75,Snow
2025-02-14T23:00,-3.8,0.2,17.9,71,Snow
2025-02-15T00:00,-3.3,0.0,15.5,3,Partly cloudy
2025-02-15T01:00,-3.0,0.0,15.6,3,Partly cloudy
2025-02-15T02:00,-2.7,0.0,14.6,3,Partly cloudy
2025-02-15T03:00,-2.5,0.0,14.0,3,Partly cloudy
2025-02-15T04:00,-2.2,0.0,12.6,3,Partly cloudy
2025-02-15T05:00,-2.0,0.0,7.7,3,Partly cloudy
2025-02-15T06:00,-1.8,0.0,6.4,3,Partly cloudy
2025-02-15T07:00,-1.5,0.0,5.2,3,Partly cloudy
2025-02-15T08:00,-1.6,0.0,4.2,3,Partly cloudy
2025-02-15T09:00,-1.2,0.0,2.8,3,Partly cloudy
2025-02-15T10:00,-0.9,0.0,2.2,3,Partly cloudy
2025-02-15T11:00,-0.6,0.0,2.3,3,Partly cloudy
2025-02-15T12:00,-0.3,0.0,3.1,3,Partly cloudy
2025-02-15T13:00,-0.2,0.0,6.4,3,Partly cloudy
2025-02-15T14:00,-0.2,0.0,8.3,3,Partly cloudy
2025-02-15T15:00,-0.2,0.0,8.1,3,Partly cloudy
2025-02-15T16:00,-0.2,0.0,10.6,3,Partly cloudy
2025-02-15T17:00,-0.4,0.0,13.3,3,Partly cloudy
2025-02-15T18:00,-0.6,0.0,12.8,3,Partly cloudy
2025-02-15T19:00,-0.5,0.0,17.5,3,Partly cloudy
2025-02-15T20:00,-0.4,0.0,17.0,3,Partly cloudy
2025-02-15T21:00,-0.8,0.0,19.6,3,Partly cloudy
2025-02-15T22:00,-1.1,0.0,18.8,3,Partly cloudy
2025-02-15T23:00,-1.3,0.0,20.5,3,Partly cloudy
2025-02-16T00:00,-1.3,0.0,21.3,3,Partly cloudy
2025-02-16T01:00,-1.5,0.0,18.4,3,Partly cloudy
2025-02-16T02:00,-1.9,0.0,18.6,3,Partly cloudy
2025-02-16T03:00,-1.8,0.1,17.5,71,Snow
2025-02-16T04:00,-2.0,0.1,19.8,71,Snow
2025-02-16T05:00,-2.1,0.1,20.4,71,Snow
2025-02-16T06:00,-2.0,0.1,21.0,71,Snow
2025-02-16T07:00,-2.1,0.2,21.2,71,Snow
2025-02-16T08:00,-3.5,0.1,24.7,71,Snow
2025-02-16T09:00,-3.7,0.0,24.1,3,Partly cloudy
2025-02-16T10:00,-4.1,0.0,23.3,3,Partly cloudy
2025-02-16T11:00,-4.2,0.0,23.7,3,Partly cloudy
2025-02-16T12:00,-4.4,0.1,22.3,71,Snow
2025-02-16T13:00,-4.4,0.0,23.1,3,Partly cloudy
2025-02-16T14:00,-4.5,0.0,23.5,3,Partly cloudy
2025-02-16T15:00,-4.9,0.0,23.8,3,Partly cloudy
2025-02-16T16:00,-5.4,0.0,23.2,3,Partly cloudy
2025-02-16T17:00,-6.2,0.0,22.1,3,Partly cloudy
2025-02-16T18:00,-6.9,0.0,22.7,3,Partly cloudy
2025-02-16T19:00,-7.8,0.0,22.7,3,Partly cloudy
2025-02-16T20:00,-7.6,0.0,18.8,0,Clear sky
2025-02-16T21:00,-9.0,0.0,19.5,0,Clear sky
2025-02-16T22:00,-10.4,0.0,19.5,0,Clear sky
2025-02-16T23:00,-11.6,0.0,18.8,0,Clear sky
2025-02-17T00:00,-12.6,0.0,17.6,0,Clear sky
2025-02-17T01:00,-13.5,0.0,17.4,0,Clear sky
2025-02-17T02:00,-14.4,0.0,17.9,0,Clear sky
2025-02-17T03:00,-15.1,0.0,17.8,0,Clear sky
2025-02-17T04:00,-15.9,0.0,16.2,0,Clear sky
2025-02-17T05:00,-16.5,0.0,15.0,0,Clear sky
2025-02-17T06:00,-17.0,0.0,14.1,0,Clear sky
2025-02-17T07:00,-17.3,0.0,13.9,0,Clear sky
2025-02-17T08:00,-17.4,0.0,14.2,0,Clear sky
2025-02-17T09:00,-17.0,0.0,14.9,0,Clear sky
2025-02-17T10:00,-16.5,0.0,14.9,0,Clear sky
2025-02-17T11:00,-15.9,0.0,20.4,2,Partly cloudy
2025-02-17T12:00,-15.6,0.0,20.0,3,Partly cloudy
2025-02-17T13:00,-15.3,0.0,18.4,3,Partly cloudy
2025-02-17T14:00,-15.0,0.0,18.5,3,Partly cloudy
2025-02-17T15:00,-14.9,0.0,18.2,3,Partly cloudy
2025-02-17T16:00,-14.9,0.0,17.8,3,Partly cloudy
2025-02-17T17:00,-15.1,0.0,16.5,3,Partly cloudy
2025-02-17T18:00,-15.6,0.0,15.0,3,Partly cloudy
2025-02-17T19:00,-16.2,0.0,13.6,3,Partly cloudy
2025-02-17T20:00,-15.0,0.0,12.6,3,Partly cloudy
2025-02-17T21:00,-15.4,0.0,13.2,3,Partly cloudy
2025-02-17T22:00,-16.0,0.0,13.8,3,Partly cloudy
2025-02-17T23:00,-16.8,0.0,14.2,3,Partly cloudy
2025-02-18T00:00,-17.5,0.0,15.0,3,Partly cloudy
2025-02-18T01:00,-18.3,0.0,17.0,3,Partly cloudy
2025-02-18T02:00,-19.0,0.0,14.9,0,Clear sky
2025-02-18T03:00,-19.9,0.0,15.0,0,Clear sky
2025-02-18T04:00,-20.5,0.0,15.0,0,Clear sky
2025-02-18T05:00,-21.0,0.0,14.6,0,Clear sky
2025-02-18T06:00,-21.5,0.0,14.4,0,Clear sky
2025-02-18T07:00,-21.9,0.0,14.8,3,Partly cloudy
2025-02-18T08:00,-21.5,0.0,14.4,3,Partly cloudy
2025-02-18T09:00,-21.0,0.0,14.3,1,Partly cloudy
2025-02-18T10:00,-20.2,0.0,13.0,2,Partly cloudy
2025-02-18T11:00,-19.0,0.0,11.8,0,Clear sky
2025-02-18T12:00,-17.6,0.0,10.7,0,Clear sky
2025-02-18T13:00,-16.5,0.0,10.6,0,Clear sky
2025-02-18T14:00,-15.4,0.0,11.0,1,Partly cloudy
2025-02-18T15:00,-14.6,0.0,10.5,1,Partly cloudy
2025-02-18T16:00,-14.3,0.0,10.6,2,Partly cloudy
2025-02-18T17:00,-14.6,0.0,11.2,3,Partly cloudy
2025-02-18T18:00,-15.4,0.0,11.9,3,Partly cloudy
2025-02-18T19:00,-16.5,0.0,12.4,3,Partly cloudy
2025-02-18T20:00,-14.6,0.0,13.5,3,Partly cloudy
2025-02-18T21:00,-15.6,0.0,12.3,3,Partly cloudy
2025-02-18T22:00,-16.1,0.0,11.4,3,Partly cloudy
2025-02-18T23:00,-16.1,0.0,11.5,3,Partly cloudy
2025-02-19T00:00,-16.2,0.0,12.6,3,Partly cloudy
2025-02-19T01:00,-15.9,0.0,14.0,3,Partly cloudy
2025-02-19T02:00,-15.8,0.0,13.0,3,Partly cloudy
2025-02-19T03:00,-15.6,0.0,12.9,3,Partly cloudy
2025-02-19T04:00,-15.8,0.0,12.0,3,Partly cloudy
2025-02-19T05:00,-15.9,0.0,12.2,3,Partly cloudy
2025-02-19T06:00,-16.0,0.0,11.9,3,Partly cloudy
2025-02-19T07:00,-16.1,0.0,12.2,3,Partly cloudy
2025-02-19T08:00,-15.6,0.0,12.0,3,Partly cloudy
2025-02-19T09:00,-15.5,0.0,11.2,3,Partly cloudy
2025-02-19T10:00,-15.0,0.0,11.1,3,Partly cloudy
2025-02-19T11:00,-14.1,0.0,10.5,3,Partly cloudy
2025-02-19T12:00,-13.2,0.0,10.4,3,Partly cloudy
2025-02-19T13:00,-12.2,0.0,9.4,3,Partly cloudy
2025-02-19T14:00,-11.5,0.0,11.4,3,Partly cloudy
2025-02-19T15:00,-11.4,0.0,13.3,3,Partly cloudy
2025-02-19T16:00,-11.6,0.0,12.5,3,Partly cloudy
2025-02-19T17:00,-11.9,0.0,11.8,3,Partly cloudy
2025-02-19T18:00,-12.7,0.0,12.2,3,Partly cloudy
2025-02-19T19:00,-13.3,0.0,12.6,3,Partly cloudy
2025-02-19T20:00,-12.4,0.1,12.6,71,Snow
2025-02-19T21:00,-12.9,0.0,13.2,3,Partly cloudy
2025-02-19T22:00,-13.1,0.0,13.0,3,Partly cloudy
2025-02-19T23:00,-13.4,0.0,12.5,3,Partly cloudy
2025-02-20T00:00,-13.6,0.0,12.4,3,Partly cloudy
2025-02-20T01:00,-13.7,0.0,12.4,3,Partly cloudy
2025-02-20T02:00,-13.9,0.0,12.7,3,Partly cloudy
2025-02-20T03:00,-14.2,0.0,13.6,3,Partly cloudy
2025-02-20T04:00,-14.8,0.0,14.4,3,Partly cloudy
2025-02-20T05:00,-15.4,0.0,14.7,0,Clear sky
2025-02-20T06:00,-15.9,0.0,14.3,0,Clear sky
2025-02-20T07:00,-16.2,0.0,13.9,0,Clear sky
2025-02-20T08:00,-16.0,0.0,13.7,0,Clear sky
2025-02-20T09:00,-15.1,0.0,14.0,0,Clear sky
2025-02-20T10:00,-13.7,0.0,13.1,0,Clear sky
2025-02-20T11:00,-12.1,0.0,13.6,0,Clear sky
2025-02-20T12:00,-10.6,0.0,14.1,0,Clear sky
2025-02-20T13:00,-9.4,0.0,14.6,0,Clear sky
2025-02-20T14:00,-8.6,0.0,14.4,0,Clear sky
2025-02-20T15:00,-7.9,0.0,14.5,0,Clear sky
2025-02-20T16:00,-7.7,0.0,14.4,0,Clear sky
2025-02-20T17:00,-7.9,0.0,13.8,0,Clear sky
2025-02-20T18:00,-8.6,0.0,14.1,0,Clear sky
2025-02-20T19:00,-9.2,0.0,13.6,1,Partly cloudy
2025-02-20T20:00,-8.3,0.0,13.2,0,Clear sky
2025-02-20T21:00,-8.9,0.0,12.8,0,Clear sky
2025-02-20T22:00,-9.4,0.0,12.5,0,Clear sky
2025-02-20T23:00,-9.6,0.0,12.8,0,Clear sky
2025-02-21T00:00,-10.1,0.0,13.2,0,Clear sky
2025-02-21T01:00,-10.4,0.0,13.2,0,Clear sky
2025-02-21T02:00,-10.6,0.0,12.7,0,Clear sky
2025-02-21T03:00,-10.9,0.0,11.9,0,Clear sky
2025-02-21T04:00,-11.2,0.0,10.7,0,Clear sky
2025-02-21T05:00,-11.6,0.0,10.8,0,Clear sky
2025-02-21T06:00,-12.1,0.0,11.2,0,Clear sky
2025-02-21T07:00,-12.6,0.0,9.7,0,Clear sky
2025-02-21T08:00,-12.6,0.0,10.3,0,Clear sky
2025-02-21T09:00,-12.0,0.0,10.4,0,Clear sky
2025-02-21T10:00,-10.8,0.0,8.8,0,Clear sky
2025-02-21T11:00,-9.2,0.0,9.0,0,Clear sky
2025-02-21T12:00,-7.5,0.0,8.6,0,Clear sky
2025-02-21T13:00,-5.9,0.0,9.8,0,Clear sky
2025-02-21T14:00,-5.1,0.0,11.2,0,Clear sky
2025-02-21T15:00,-4.7,0.0,11.9,0,Clear sky
2025-02-21T16:00,-4.6,0.0,11.4,0,Clear sky
2025-02-21T17:00,-4.9,0.0,10.5,0,Clear sky
2025-02-21T18:00,-5.7,0.0,9.4,0,Clear sky
2025-02-21T19:00,-6.8,0.0,8.9,0,Clear sky
2025-02-21T20:00,-5.8,0.0,8.0,0,Clear sky
2025-02-21T21:00,-6.2,0.0,9.7,0,Clear sky
2025-02-21T22:00,-6.6,0.0,11.5,0,Clear sky
2025-02-21T23:00,-6.7,0.0,14.8,0,Clear sky
2025-02-22T00:00,-6.9,0.0,16.2,0,Clear sky
2025-02-22T01:00,-7.3,0.0,16.6,0,Clear sky
2025-02-22T02:00,-7.8,0.0,15.8,0,Clear sky
2025-02-22T03:00,-8.2,0.0,15.9,0,Clear sky
2025-02-22T04:00,-8.6,0.0,16.5,0,Clear sky
2025-02-22T05:00,-8.9,0.0,15.9,0,Clear sky
2025-02-22T06:00,-9.4,0.0,14.7,0,Clear sky
2025-02-22T07:00,-9.7,0.0,15.1,0,Clear sky
2025-02-22T08:00,-10.0,0.0,15.7,0,Clear sky
2025-02-22T09:00,-9.3,0.0,16.3,0,Clear sky
2025-02-22T10:00,-8.1,0.0,14.4,0,Clear sky
2025-02-22T11:00,-6.6,0.0,14.5,0,Clear sky
2025-02-22T12:00,-4.8,0.0,16.0,1,Partly cloudy
2025-02-22T13:00,-3.4,0.0,16.7,3,Partly cloudy
2025-02-22T14:00,-2.3,0.0,16.8,3,Partly cloudy
2025-02-22T15:00,-1.6,0.0,16.1,2,Partly cloudy
2025-02-22T16:00,-1.1,0.0,15.5,0,Clear sky
2025-02-22T17:00,-1.1,0.0,14.0,0,Clear sky
2025-02-22T18:00,-1.6,0.0,12.5,0,Clear sky
2025-02-22T19:00,-2.3,0.0,12.0,0,Clear sky
2025-02-22T20:00,-2.0,0.0,10.1,0,Clear sky
2025-02-22T21:00,-2.8,0.0,9.9,0,Clear sky
2025-02-22T22:00,-3.2,0.0,10.7,2,Partly cloudy
2025-02-22T23:00,-3.8,0.0,10.6,3,Partly cloudy
2025-02-23T00:00,-4.2,0.0,10.4,3,Partly cloudy
2025-02-23T01:00,-4.4,0.0,9.6,3,Partly cloudy
2025-02-23T02:00,-4.7,0.0,9.4,3,Partly cloudy
2025-02-23T03:00,-4.8,0.0,10.0,1,Partly cloudy
2025-02-23T04:00,-5.1,0.0,10.2,3,Partly cloudy
2025-02-23T05:00,-5.2,0.0,10.6,1,Partly cloudy
2025-02-23T06:00,-5.4,0.0,9.9,3,Partly cloudy
2025-02-23T07:00,-5.3,0.0,9.6,3,Partly cloudy
2025-02-23T08:00,-4.9,0.0,9.3,2,Partly cloudy
2025-02-23T09:00,-3.8,0.0,10.8,3,Partly cloudy
2025-02-23T10:00,-2.2,0.0,11.2,3,Partly cloudy
2025-02-23T11:00,0.0,0.0,10.2,3,Partly cloudy
2025-02-23T12:00,1.5,0.0,8.5,3,Partly cloudy
2025-02-23T13:00,2.6,0.0,8.7,3,Partly cloudy
2025-02-23T14:00,3.5,0.0,6.3,3,Partly cloudy
2025-02-23T15:00,4.3,0.0,5.1,0,Clear sky
2025-02-23T16:00,4.4,0.0,4.2,1,Partly cloudy
2025-02-23T17:00,4.9,0.0,1.7,1,Partly cloudy
2025-02-23T18:00,4.2,0.0,3.8,1,Partly cloudy
2025-02-23T19:00,2.9,0.0,6.9,1,Partly cloudy
2025-02-23T20:00,3.0,0.0,10.0,1,Partly cloudy
2025-02-23T21:00,2.9,0.0,13.2,1,Partly cloudy
2025-02-23T22:00,3.0,0.0,14.7,3,Partly cloudy
2025-02-23T23:00,2.8,0.0,17.1,3,Partly cloudy
2025-02-24T00:00,2.7,0.0,18.2,3,Partly cloudy
2025-02-24T01:00,2.8,0.0,19.2,3,Partly cloudy
2025-02-24T02:00,2.8,0.0,20.5,3,Partly cloudy
2025-02-24T03:00,3.0,0.0,20.0,3,Partly cloudy
2025-02-24T04:00,2.8,0.0,19.7,3,Partly cloudy
2025-02-24T05:00,2.9,0.0,23.9,3,Partly cloudy
2025-02-24T06:00,3.2,0.0,24.4,3,Partly cloudy
2025-02-24T07:00,3.0,0.0,22.4,3,Partly cloudy
2025-02-24T08:00,4.1,0.0,22.4,3,Partly cloudy
2025-02-24T09:00,4.7,0.0,22.9,3,Partly cloudy
2025-02-24T10:00,5.6,0.0,22.0,3,Partly cloudy
2025-02-24T11:00,7.0,0.0,20.2,3,Partly cloudy
2025-02-24T12:00,8.3,0.0,19.9,3,Partly cloudy
2025-02-24T13:00,10.1,0.0,16.5,3,Partly cloudy
2025-02-24T14:00,11.1,0.0,15.3,3,Partly cloudy
2025-02-24T15:00,11.4,0.0,14.6,3,Partly cloudy
2025-02-24T16:00,11.3,0.0,13.4,3,Partly cloudy
2025-02-24T17:00,10.8,0.0,12.7,3,Partly cloudy
2025-02-24T18:00,9.7,0.0,10.6,3,Partly cloudy
2025-02-24T19:00,8.8,0.0,10.4,3,Partly cloudy
2025-02-24T20:00,8.9,0.0,12.3,3,Partly cloudy
2025-02-24T21:00,8.2,0.1,10.8,51,Drizzle
2025-02-24T22:00,7.7,0.1,8.1,51,Drizzle
2025-02-24T23:00,6.4,0.1,3.6,51,Drizzle
2025-02-25T00:00,6.2,0.1,7.7,51,Drizzle
2025-02-25T01:00,5.2,2.0,6.6,61,Rain
2025-02-25T02:00,4.5,0.0,5.8,2,Partly cloudy
2025-02-25T03:00,3.2,0.0,3.8,2,Partly cloudy
2025-02-25T04:00,3.0,0.0,7.9,3,Partly cloudy
2025-02-25T05:00,3.5,0.0,9.7,3,Partly cloudy
2025-02-25T06:00,3.2,0.0,9.0,2,Partly cloudy
2025-02-25T07:00,1.9,0.0,7.4,0,Clear sky
2025-02-25T08:00,2.7,0.0,10.4,0,Clear sky
2025-02-25T09:00,4.1,0.0,12.3,0,Clear sky
2025-02-25T10:00,6.1,0.0,10.5,0,Clear sky
2025-02-25T11:00,8.1,0.0,10.1,0,Clear sky
2025-02-25T12:00,9.4,0.0,10.4,0,Clear sky
2025-02-25T13:00,10.2,0.0,9.6,0,Clear sky
2025-02-25T14:00,10.6,0.0,5.4,0,Clear sky
2025-02-25T15:00,10.2,0.0,3.4,0,Clear sky
2025-02-25T16:00,9.1,0.0,5.7,0,Clear sky
2025-02-25T17:00,7.7,0.0,6.7,0,Clear sky
2025-02-25T18:00,5.8,0.0,9.0,0,Clear sky
2025-02-25T19:00,3.2,0.0,9.5,0,Clear sky
2025-02-25T20:00,3.8,0.0,7.7,0,Clear sky
2025-02-25T21:00,3.1,0.0,6.1,0,Clear sky
2025-02-25T22:00,2.7,0.0,5.4,0,Clear sky
2025-02-25T23:00,2.7,0.0,5.7,1,Partly cloudy
2025-02-26T00:00,2.0,0.0,5.5,3,Partly cloudy
2025-02-26T01:00,1.8,0.0,5.4,3,Partly cloudy
2025-02-26T02:00,1.6,0.0,5.1,3,Partly cloudy
2025-02-26T03:00,1.4,0.0,8.4,3,Partly cloudy
2025-02-26T04:00,1.4,0.0,10.3,3,Partly cloudy
2025-02-26T05:00,1.7,0.0,13.6,3,Partly cloudy
2025-02-26T06:00,2.3,0.0,14.5,3,Partly cloudy
2025-02-26T07:00,2.5,0.0,12.8,3,Partly cloudy
2025-02-26T08:00,3.2,0.6,9.4,53,Drizzle
2025-02-26T09:00,2.8,0.1,13.7,51,Drizzle
2025-02-26T10:00,2.5,0.0,16.3,3,Partly cloudy
2025-02-26T11:00,3.6,0.0,14.2,3,Partly cloudy
2025-02-26T12:00,4.1,0.0,14.8,3,Partly cloudy
2025-02-26T13:00,5.5,0.0,15.8,3,Partly cloudy
2025-02-26T14:00,6.6,0.0,12.2,3,Partly cloudy
2025-02-26T15:00,8.1,0.3,10.0,51,Drizzle
2025-02-26T16:00,7.5,0.1,9.1,51,Drizzle
2025-02-26T17:00,6.7,0.0,9.2,3,Partly cloudy
2025-02-26T18:00,5.4,0.0,3.1,1,Partly cloudy
2025-02-26T19:00,4.0,0.0,8.7,3,Partly cloudy
2025-02-26T20:00,3.8,0.1,6.7,51,Drizzle
2025-02-26T21:00,3.3,0.1,9.3,51,Drizzle
2025-02-26T22:00,2.2,0.0,12.6,2,Partly cloudy
2025-02-26T23:00,2.0,0.0,14.8,3,Partly cloudy
2025-02-27T00:00,2.1,0.3,13.2,51,Drizzle
2025-02-27T01:00,2.0,0.4,11.3,51,Drizzle
2025-02-27T02:00,2.2,0.1,10.5,51,Drizzle
2025-02-27T03:00,1.6,0.0,11.5,0,Clear sky
2025-02-27T04:00,1.4,0.0,13.2,0,Clear sky
2025-02-27T05:00,1.4,0.0,14.0,3,Partly cloudy
2025-02-27T06:00,1.2,0.0,15.3,3,Partly cloudy
2025-02-27T07:00,1.1,0.0,13.9,3,Partly cloudy
2025-02-27T08:00,2.3,0.0,14.0,2,Partly cloudy
2025-02-27T09:00,3.5,0.0,13.8,0,Clear sky
2025-02-27T10:00,4.9,0.0,15.8,1,Partly cloudy
2025-02-27T11:00,6.6,0.0,15.6,0,Clear sky
2025-02-27T12:00,8.0,0.0,21.4,0,Clear sky
2025-02-27T13:00,8.6,0.0,20.3,0,Clear sky
2025-02-27T14:00,8.6,0.1,21.9,51,Drizzle
2025-02-27T15:00,8.1,0.1,24.8,51,Drizzle
2025-02-27T16:00,7.8,0.1,23.1,51,Drizzle
2025-02-27T17:00,7.7,0.0,17.3,3,Partly cloudy
2025-02-27T18:00,6.9,0.0,16.9,0,Clear sky
2025-02-27T19:00,5.7,0.0,16.8,0,Clear sky
2025-02-27T20:00,4.9,0.0,12.7,0,Clear sky
2025-02-27T21:00,4.2,0.0,11.0,0,Clear sky
2025-02-27T22:00,3.3,0.0,9.5,0,Clear sky
2025-02-27T23:00,2.5,0.0,8.1,0,Clear sky
2025-02-28T00:00,1.8,0.0,8.9,3,Partly cloudy
2025-02-28T01:00,1.3,0.0,9.5,3,Partly cloudy
2025-02-28T02:00,1.0,0.0,10.7,0,Clear sky
2025-02-28T03:00,0.8,0.0,14.0,0,Clear sky
2025-02-28T04:00,0.9,0.0,14.1,3,Partly cloudy
2025-02-28T05:00,0.9,0.0,14.3,3,Partly cloudy
2025-02-28T06:00,1.2,0.0,16.8,3,Partly cloudy
2025-02-28T07:00,1.9,0.0,18.9,3,Partly cloudy
2025-02-28T08:00,3.4,0.0,21.9,3,Partly cloudy
2025-02-28T09:00,5.2,0.0,25.7,3,Partly cloudy
2025-02-28T10:00,7.6,0.0,28.9,3,Partly cloudy
2025-02-28T11:00,8.9,0.0,29.3,3,Partly cloudy
2025-02-28T12:00,10.2,0.0,27.5,3,Partly cloudy
2025-02-28T13:00,11.3,0.0,25.1,3,Partly cloudy
2025-02-28T14:00,12.5,0.0,24.6,1,Partly cloudy
2025-02-28T15:00,13.1,0.0,24.5,2,Partly cloudy
2025-02-28T16:00,13.2,0.0,26.1,2,Partly cloudy
2025-02-28T17:00,12.6,0.0,22.6,0,Clear sky
2025-02-28T18:00,11.5,0.0,25.1,1,Partly cloudy
2025-02-28T19:00,9.1,0.0,27.3,3,Partly cloudy
2025-02-28T20:00,7.8,0.0,26.5,3,Partly cloudy
2025-02-28T21:00,6.3,0.0,20.1,3,Partly cloudy
2025-02-28T22:00,4.4,0.0,21.4,2,Partly cloudy
2025-02-28T23:00,2.9,0.0,19.5,3,Partly cloudy
2025-03-01T00:00,1.9,0.0,18.3,3,Partly cloudy
2025-03-01T01:00,0.8,0.0,17.2,3,Partly cloudy
2025-03-01T02:00,-0.2,0.0,22.1,1,Partly cloudy
2025-03-01T03:00,-1.6,0.0,19.8,3,Partly cloudy
2025-03-01T04:00,-2.1,0.0,20.2,3,Partly cloudy
2025-03-01T05:00,-3.2,0.0,20.8,3,Partly cloudy
2025-03-01T06:00,-3.7,0.0,20.7,3,Partly cloudy
2025-03-01T07:00,-4.2,0.0,20.6,3,Partly cloudy
2025-03-01T08:00,-4.1,0.0,22.9,3,Partly cloudy
2025-03-01T09:00,-4.4,0.0,23.4,3,Partly cloudy
2025-03-01T10:00,-4.7,0.0,22.1,1,Partly cloudy
2025-03-01T11:00,-4.4,0.0,19.4,1,Partly cloudy
2025-03-01T12:00,-4.3,0.0,17.2,2,Partly cloudy
2025-03-01T13:00,-3.7,0.0,16.3,2,Partly cloudy
2025-03-01T14:00,-3.4,0.0,14.3,1,Partly cloudy
2025-03-01T15:00,-3.1,0.0,12.8,0,Clear sky
2025-03-01T16:00,-3.0,0.0,10.9,0,Clear sky
2025-03-01T17:00,-3.0,0.0,8.9,0,Clear sky
2025-03-01T18:00,-3.3,0.0,6.3,0,Clear sky
2025-03-01T19:00,-4.2,0.0,4.4,0,Clear sky
2025-03-01T20:00,-4.4,0.0,3.4,0,Clear sky
2025-03-01T21:00,-4.6,0.0,3.6,0,Clear sky
2025-03-01T22:00,-4.6,0.0,4.1,0,Clear sky
2025-03-01T23:00,-4.7,0.0,4.2,0,Clear sky
2025-03-02T00:00,-5.0,0.0,4.1,0,Clear sky
2025-03-02T01:00,-5.4,0.0,4.0,0,Clear sky
2025-03-02T02:00,-5.7,0.0,4.3,0,Clear sky
2025-03-02T03:00,-5.8,0.0,5.2,0,Clear sky
2025-03-02T04:00,-6.1,0.0,5.2,0,Clear sky
2025-03-02T05:00,-6.6,0.0,4.5,0,Clear sky
2025-03-02T06:00,-6.9,0.0,4.5,0,Clear sky
2025-03-02T07:00,-7.1,0.0,4.5,0,Clear sky
2025-03-02T08:00,-7.8,0.0,5.2,0,Clear sky
2025-03-02T09:00,-6.2,0.0,4.2,1,Partly cloudy
2025-03-02T10:00,-3.9,0.0,2.9,2,Partly cloudy
2025-03-02T11:00,-2.2,0.0,2.9,3,Partly cloudy
2025-03-02T12:00,-1.1,0.0,3.1,2,Partly cloudy
2025-03-02T13:00,-0.3,0.0,1.9,1,Partly cloudy
2025-03-02T14:00,0.3,0.0,1.6,0,Clear sky
2025-03-02T15:00,0.6,0.0,2.1,0,Clear sky
2025-03-02T16:00,0.6,0.0,4.2,0,Clear sky
2025-03-02T17:00,0.2,0.0,5.8,3,Partly cloudy
2025-03-02T18:00,-0.2,0.0,6.1,0,Clear sky
2025-03-02T19:00,-1.2,0.0,6.2,0,Clear sky
2025-03-02T20:00,-1.3,0.0,6.4,0,Clear sky
2025-03-02T21:00,-1.6,0.0,5.8,0,Clear sky
2025-03-02T22:00,-1.9,0.0,4.4,0,Clear sky
2025-03-02T23:00,-1.7,0.0,6.4,3,Partly cloudy
2025-03-03T00:00,-1.5,0.0,7.0,3,Partly cloudy
2025-03-03T01:00,-0.9,0.0,7.4,3,Partly cloudy
2025-03-03T02:00,-0.8,0.0,7.2,3,Partly cloudy
2025-03-03T03:00,-0.6,0.0,7.8,3,Partly cloudy
2025-03-03T04:00,-0.6,0.0,9.1,3,Partly cloudy
2025-03-03T05:00,-0.7,0.0,9.0,3,Partly cloudy
2025-03-03T06:00,-0.6,0.0,10.6,3,Partly cloudy
2025-03-03T07:00,-0.6,0.0,11.7,3,Partly cloudy
2025-03-03T08:00,-0.2,0.0,13.2,3,Partly cloudy
2025-03-03T09:00,0.8,0.0,13.2,3,Partly cloudy
2025-03-03T10:00,1.9,0.0,13.2,3,Partly cloudy
2025-03-03T11:00,3.2,0.0,13.2,3,Partly cloudy
2025-03-03T12:00,4.7,0.0,14.6,3,Partly cloudy
2025-03-03T13:00,5.5,0.0,17.6,3,Partly cloudy
2025-03-03T14:00,6.0,0.0,16.9,3,Partly cloudy
2025-03-03T15:00,6.6,0.0,16.9,2,Partly cloudy
2025-03-03T16:00,7.5,0.0,18.3,0,Clear sky
2025-03-03T17:00,7.7,0.0,17.2,1,Partly cloudy
2025-03-03T18:00,7.2,0.0,17.2,0,Clear sky
2025-03-03T19:00,6.2,0.0,16.4,3,Partly cloudy
2025-03-03T20:00,4.8,0.0,16.6,3,Partly cloudy
2025-03-03T21:00,4.8,0.0,17.8,3,Partly cloudy
2025-03-03T22:00,5.1,0.0,18.6,3,Partly cloudy
2025-03-03T23:00,5.6,0.0,19.3,3,Partly cloudy
2025-03-04T00:00,5.9,0.0,19.7,3,Partly cloudy
2025-03-04T01:00,6.2,0.0,19.4,3,Partly cloudy
2025-03-04T02:00,6.7,0.0,19.3,3,Partly cloudy
2025-03-04T03:00,7.1,0.0,20.3,3,Partly cloudy
2025-03-04T04:00,6.9,0.0,19.8,3,Partly cloudy
2025-03-04T05:00,6.6,0.0,17.8,3,Partly cloudy
2025-03-04T06:00,6.3,0.0,16.8,3,Partly cloudy
2025-03-04T07:00,6.1,0.0,16.9,3,Partly cloudy
2025-03-04T08:00,6.4,2.4,18.8,61,Rain
2025-03-04T09:00,6.1,1.2,19.9,55,Drizzle
2025-03-04T10:00,7.2,0.1,22.0,51,Drizzle
2025-03-04T11:00,7.8,0.0,21.3,3,Partly cloudy
2025-03-04T12:00,9.4,0.0,22.1,3,Partly cloudy
2025-03-04T13:00,10.6,0.0,24.7,3,Partly cloudy
2025-03-04T14:00,10.7,0.0,21.1,3,Partly cloudy
2025-03-04T15:00,11.1,1.7,19.1,61,Rain
2025-03-04T16:00,10.6,0.6,11.4,53,Drizzle
2025-03-04T17:00,11.1,0.0,8.4,3,Partly cloudy
2025-03-04T18:00,8.8,0.0,12.4,3,Partly cloudy
2025-03-04T19:00,7.5,0.3,10.9,51,Drizzle
2025-03-04T20:00,5.4,0.8,16.9,53,Drizzle
2025-03-04T21:00,5.2,1.7,16.9,61,Rain
2025-03-04T22:00,5.8,1.4,19.1,61,Rain
2025-03-04T23:00,5.9,0.7,19.6,53,Drizzle
2025-03-05T00:00,6.8,0.2,18.7,51,Drizzle
2025-03-05T01:00,7.2,0.9,18.2,53,Drizzle
2025-03-05T02:00,7.2,0.5,18.3,53,Drizzle
2025-03-05T03:00,7.8,0.6,16.6,53,Drizzle
2025-03-05T04:00,7.8,1.5,11.5,61,Rain
2025-03-05T05:00,8.6,0.3,13.9,51,Drizzle
2025-03-05T06:00,8.6,0.1,18.5,51,Drizzle
2025-03-05T07:00,8.1,0.1,19.2,51,Drizzle
2025-03-05T08:00,8.1,3.9,16.8,63,Rain
2025-03-05T09:00,8.8,0.1,16.0,51,Drizzle
2025-03-05T10:00,10.0,0.0,16.3,3,Partly cloudy
2025-03-05T11:00,10.4,0.1,16.5,51,Drizzle
2025-03-05T12:00,10.8,0.1,19.4,51,Drizzle
2025-03-05T13:00,10.6,0.1,18.8,51,Drizzle
2025-03-05T14:00,10.0,0.0,18.1,3,Partly cloudy
2025-03-05T15:00,8.1,0.8,17.9,53,Drizzle
2025-03-05T16:00,4.6,0.3,23.1,51,Drizzle
2025-03-05T17:00,2.3,0.7,21.8,71,Snow
2025-03-05T18:00,1.4,0.6,25.1,73,Snow
2025-03-05T19:00,0.3,0.3,25.9,73,Snow
2025-03-05T20:00,0.2,0.3,22.7,73,Snow
2025-03-05T21:00,-0.4,0.1,24.3,71,Snow
2025-03-05T22:00,-0.9,0.0,23.1,3,Partly cloudy
2025-03-05T23:00,-1.1,0.0,23.3,3,Partly cloudy
2025-03-06T00:00,-1.4,0.0,24.1,3,Partly cloudy
2025-03-06T01:00,-1.4,0.0,24.3,3,Partly cloudy
2025-03-06T02:00,-1.7,0.0,24.9,3,Partly cloudy
2025-03-06T03:00,-1.9,0.0,25.5,3,Partly cloudy
2025-03-06T04:00,-2.0,0.0,24.2,3,Partly cloudy
2025-03-06T05:00,-2.2,0.0,22.2,3,Partly cloudy
2025-03-06T06:00,-2.3,0.0,21.8,3,Partly cloudy
2025-03-06T07:00,-2.5,0.0,20.1,3,Partly cloudy
2025-03-06T08:00,-2.4,0.0,17.6,0,Clear sky
2025-03-06T09:00,-2.1,0.0,18.3,0,Clear sky
2025-03-06T10:00,-1.3,0.0,16.1,0,Clear sky
2025-03-06T11:00,-0.1,0.0,14.4,0,Clear sky
2025-03-06T12:00,1.3,0.0,14.6,0,Clear sky
2025-03-06T13:00,2.5,0.0,15.7,0,Clear sky
2025-03-06T14:00,3.2,0.0,16.1,0,Clear sky
2025-03-06T15:00,3.8,0.0,14.6,0,Clear sky
2025-03-06T16:00,4.2,0.0,12.9,0,Clear sky
2025-03-06T17:00,4.2,0.0,11.7,0,Clear sky
2025-03-06T18:00,3.6,0.0,9.5,0,Clear sky
2025-03-06T19:00,2.0,0.0,5.8,0,Clear sky
2025-03-06T20:00,1.4,0.0,7.8,0,Clear sky
2025-03-06T21:00,1.0,0.0,9.5,2,Partly cloudy
2025-03-06T22:00,0.6,0.0,10.8,3,Partly cloudy
2025-03-06T23:00,0.6,0.0,11.3,3,Partly cloudy
2025-03-07T00:00,0.2,0.0,9.9,3,Partly cloudy
2025-03-07T01:00,0.6,0.0,10.1,3,Partly cloudy
2025-03-07T02:00,0.6,0.0,10.0,3,Partly cloudy
2025-03-07T03:00,0.8,0.0,9.2,3,Partly cloudy
2025-03-07T04:00,0.8,0.0,9.7,3,Partly cloudy
2025-03-07T05:00,0.9,0.0,8.8,3,Partly cloudy
2025-03-07T06:00,0.7,0.0,9.2,3,Partly cloudy
2025-03-07T07:00,0.6,0.0,9.7,3,Partly cloudy
2025-03-07T08:00,0.6,0.1,7.3,71,Snow
2025-03-07T09:00,1.0,0.2,5.9,71,Snow
2025-03-07T10:00,1.4,0.2,4.9,71,Snow
2025-03-07T11:00,1.8,0.2,4.9,71,Snow
2025-03-07T12:00,1.9,0.4,4.1,71,Snow
2025-03-07T13:00,1.5,0.5,5.6,71,Snow
2025-03-07T14:00,1.4,0.7,6.4,73,Snow
2025-03-07T15:00,1.4,0.5,8.9,73,Snow
2025-03-07T16:00,1.1,0.4,9.7,73,Snow
2025-03-07T17:00,0.8,0.4,9.1,73,Snow
2025-03-07T18:00,0.4,0.2,7.3,71,Snow
2025-03-07T19:00,0.3,0.1,4.2,71,Snow
2025-03-07T20:00,0.5,0.0,2.0,3,Partly cloudy
2025-03-07T21:00,0.4,0.0,5.9,3,Partly cloudy
2025-03-07T22:00,0.3,0.0,8.7,3,Partly cloudy
2025-03-07T23:00,0.3,0.0,9.2,3,Partly cloudy
2025-03-08T00:00,0.3,0.0,9.5,3,Partly cloudy
2025-03-08T01:00,-0.1,0.0,11.6,1,Partly cloudy
2025-03-08T02:00,-0.1,0.0,14.6,0,Clear sky
2025-03-08T03:00,-0.3,0.0,15.3,0,Clear sky
2025-03-08T04:00,-0.8,0.0,11.9,1,Partly cloudy
2025-03-08T05:00,-1.1,0.0,10.1,3,Partly cloudy
2025-03-08T06:00,-1.1,0.0,9.4,0,Clear sky
2025-03-08T07:00,-1.5,0.0,7.5,0,Clear sky
2025-03-08T08:00,-0.9,0.0,5.0,0,Clear sky
2025-03-08T09:00,0.0,0.0,2.2,0,Clear sky
2025-03-08T10:00,0.9,0.0,4.0,2,Partly cloudy
2025-03-08T11:00,2.3,0.0,7.9,1,Partly cloudy
2025-03-08T12:00,3.8,0.0,8.0,3,Partly cloudy
2025-03-08T13:00,5.2,0.0,8.8,0,Clear sky
2025-03-08T14:00,6.6,0.0,9.0,0,Clear sky
2025-03-08T15:00,7.7,0.0,12.0,0,Clear sky
2025-03-08T16:00,9.1,0.0,13.7,0,Clear sky
2025-03-08T17:00,8.9,0.0,17.0,0,Clear sky
2025-03-08T18:00,8.2,0.0,14.9,0,Clear sky
2025-03-08T19:00,7.1,0.0,16.1,0,Clear sky
2025-03-08T20:00,6.1,0.0,17.1,0,Clear sky
2025-03-08T21:00,5.8,0.0,18.2,0,Clear sky
2025-03-08T22:00,5.3,0.0,17.5,0,Clear sky
2025-03-08T23:00,4.6,0.0,16.6,0,Clear sky
2025-03-09T00:00,3.9,0.0,15.9,0,Clear sky
2025-03-09T01:00,3.4,0.0,16.2,0,Clear sky
2025-03-09T02:00,2.9,0.0,15.2,0,Clear sky
2025-03-09T03:00,2.3,0.0,13.7,0,Clear sky
2025-03-09T04:00,1.7,0.0,12.4,0,Clear sky
2025-03-09T05:00,1.2,0.0,11.5,0,Clear sky
2025-03-09T06:00,0.8,0.0,11.2,0,Clear sky
2025-03-09T07:00,0.4,0.0,10.9,0,Clear sky
2025-03-09T08:00,0.9,0.0,10.5,0,Clear sky
2025-03-09T09:00,2.2,0.0,10.5,1,Partly cloudy
2025-03-09T10:00,4.3,0.0,9.9,2,Partly cloudy
2025-03-09T11:00,6.8,0.0,9.9,0,Clear sky
2025-03-09T12:00,8.9,0.0,11.4,0,Clear sky
2025-03-09T13:00,10.6,0.0,13.0,0,Clear sky
2025-03-09T14:00,11.8,0.0,15.7,2,Partly cloudy
2025-03-09T15:00,12.8,0.0,16.7,0,Clear sky
2025-03-09T16:00,13.1,0.0,16.8,0,Clear sky
2025-03-09T17:00,12.9,0.0,15.9,1,Partly cloudy
2025-03-09T18:00,11.9,0.0,15.2,1,Partly cloudy
2025-03-09T19:00,10.4,0.0,15.0,0,Clear sky
2025-03-09T20:00,9.8,0.0,16.2,1,Partly cloudy
2025-03-09T21:00,9.1,0.0,16.3,0,Clear sky
2025-03-09T22:00,8.6,0.0,16.1,0,Clear sky
2025-03-09T23:00,7.9,0.0,16.1,0,Clear sky
2025-03-10T00:00,7.5,0.0,16.2,0,Clear sky
2025-03-10T01:00,7.0,0.0,15.1,1,Partly cloudy
2025-03-10T02:00,6.4,0.0,14.6,0,Clear sky
2025-03-10T03:00,5.9,0.0,13.6,0,Clear sky
2025-03-10T04:00,5.3,0.0,12.1,0,Clear sky
2025-03-10T05:00,4.7,0.0,11.6,0,Clear sky
2025-03-10T06:00,4.2,0.0,11.3,0,Clear sky
2025-03-10T07:00,3.8,0.0,11.5,0,Clear sky
2025-03-10T08:00,4.2,0.0,11.9,0,Clear sky
2025-03-10T09:00,5.8,0.0,13.2,0,Clear sky
2025-03-10T10:00,7.9,0.0,11.0,0,Clear sky
2025-03-10T11:00,10.4,0.0,11.8,0,Clear sky
2025-03-10T12:00,12.8,0.0,11.6,0,Clear sky
2025-03-10T13:00,14.8,0.0,11.9,0,Clear sky
2025-03-10T14:00,16.3,0.0,12.6,0,Clear sky
2025-03-10T15:00,17.2,0.0,14.7,0,Clear sky
2025-03-10T16:00,17.6,0.0,14.8,0,Clear sky
2025-03-10T17:00,17.5,0.0,14.7,0,Clear sky
2025-03-10T18:00,16.2,0.0,15.8,0,Clear sky
2025-03-10T19:00,14.4,0.0,18.0,0,Clear sky
2025-03-10T20:00,13.9,0.0,17.0,1,Partly cloudy
2025-03-10T21:00,13.6,0.0,19.8,1,Partly cloudy
2025-03-10T22:00,13.3,0.0,22.0,0,Clear sky
2025-03-10T23:00,12.9,0.0,22.8,1,Partly cloudy
2025-03-11T00:00,12.6,0.0,22.4,2,Partly cloudy
2025-03-11T01:00,12.2,0.0,21.1,1,Partly cloudy
2025-03-11T02:00,11.8,0.0,19.4,0,Clear sky
2025-03-11T03:00,11.1,0.0,17.6,0,Clear sky
2025-03-11T04:00,10.4,0.0,15.7,2,Partly cloudy
2025-03-11T05:00,9.6,0.0,14.3,3,Partly cloudy
2025-03-11T06:00,8.9,0.0,13.9,3,Partly cloudy
2025-03-11T07:00,8.1,0.0,12.4,3,Partly cloudy
2025-03-11T08:00,8.1,0.0,13.5,3,Partly cloudy
2025-03-11T09:00,8.5,0.0,23.1,3,Partly cloudy
2025-03-11T10:00,5.6,0.0,22.9,3,Partly cloudy
2025-03-11T11:00,4.8,0.0,24.5,3,Partly cloudy
2025-03-11T12:00,4.2,0.0,23.4,3,Partly cloudy
2025-03-11T13:00,3.8,0.0,20.9,3,Partly cloudy
2025-03-11T14:00,3.5,0.0,19.3,3,Partly cloudy
2025-03-11T15:00,3.2,0.0,19.4,3,Partly cloudy
2025-03-11T16:00,2.7,0.0,19.0,3,Partly cloudy
2025-03-11T17:00,2.1,0.0,18.1,2,Partly cloudy
2025-03-11T18:00,1.4,0.0,16.7,3,Partly cloudy
2025-03-11T19:00,0.8,0.0,15.1,3,Partly cloudy
2025-03-11T20:00,1.0,0.0,14.8,3,Partly cloudy
2025-03-11T21:00,1.4,0.0,15.9,3,Partly cloudy
2025-03-11T22:00,1.7,0.0,15.9,2,Partly cloudy
2025-03-11T23:00,2.1,0.0,14.3,2,Partly cloudy
2025-03-12T00:00,2.6,0.0,13.8,2,Partly cloudy
2025-03-12T01:00,2.8,0.0,15.7,1,Partly cloudy
2025-03-12T02:00,2.8,0.0,15.6,0,Clear sky
2025-03-12T03:00,2.8,0.0,14.6,0,Clear sky
2025-03-12T04:00,2.5,0.0,14.1,0,Clear sky
2025-03-12T05:00,2.0,0.0,13.8,0,Clear sky
2025-03-12T06:00,1.5,0.0,13.2,0,Clear sky
2025-03-12T07:00,1.1,0.0,12.3,0,Clear sky
2025-03-12T08:00,2.1,0.0,12.9,0,Clear sky
2025-03-12T09:00,3.0,0.0,11.0,0,Clear sky
2025-03-12T10:00,3.7,0.0,10.7,0,Clear sky
2025-03-12T11:00,4.4,0.0,8.8,0,Clear sky
2025-03-12T12:00,5.3,0.0,7.4,1,Partly cloudy
2025-03-12T13:00,6.2,0.0,7.3,1,Partly cloudy
2025-03-12T14:00,6.4,0.0,7.6,0,Clear sky
2025-03-12T15:00,6.6,0.0,8.6,0,Clear sky
2025-03-12T16:00,6.4,0.0,8.1,0,Clear sky
2025-03-12T17:00,6.0,0.0,7.7,0,Clear sky
2025-03-12T18:00,4.9,0.0,6.6,0,Clear sky
2025-03-12T19:00,3.8,0.0,6.7,0,Clear sky
2025-03-12T20:00,3.8,0.0,6.5,0,Clear sky
2025-03-12T21:00,3.1,0.0,4.7,0,Clear sky
2025-03-12T22:00,2.5,0.0,4.2,1,Partly cloudy
2025-03-12T23:00,2.0,0.0,4.1,0,Clear sky
2025-03-13T00:00,1.9,0.0,2.8,0,Clear sky
2025-03-13T01:00,1.4,0.0,4.2,1,Partly cloudy
2025-03-13T02:00,1.1,0.0,4.6,2,Partly cloudy
2025-03-13T03:00,0.9,0.0,4.8,2,Partly cloudy
2025-03-13T04:00,1.2,0.0,5.4,0,Clear sky
2025-03-13T05:00,1.4,0.0,5.8,0,Clear sky
2025-03-13T06:00,1.3,0.0,5.5,0,Clear sky
2025-03-13T07:00,0.9,0.0,5.1,0,Clear sky
2025-03-13T08:00,2.0,0.0,5.0,0,Clear sky
2025-03-13T09:00,3.5,0.0,5.7,0,Clear sky
2025-03-13T10:00,5.0,0.0,5.2,0,Clear sky
2025-03-13T11:00,6.2,0.0,6.2,0,Clear sky
2025-03-13T12:00,7.2,0.0,6.3,1,Partly cloudy
2025-03-13T13:00,8.6,0.0,6.3,1,Partly cloudy
2025-03-13T14:00,9.6,0.0,7.4,1,Partly cloudy
2025-03-13T15:00,9.3,0.0,9.1,0,Clear sky
2025-03-13T16:00,8.7,0.0,9.7,0,Clear sky
2025-03-13T17:00,8.0,0.0,9.7,0,Clear sky
2025-03-13T18:00,7.1,0.0,10.0,0,Clear sky
2025-03-13T19:00,6.3,0.0,9.9,0,Clear sky
2025-03-13T20:00,7.7,0.0,11.8,0,Clear sky
2025-03-13T21:00,8.2,0.0,13.6,0,Clear sky
2025-03-13T22:00,9.0,0.0,15.0,0,Clear sky
2025-03-13T23:00,9.1,0.0,15.2,2,Partly cloudy
2025-03-14T00:00,9.1,0.0,15.1,2,Partly cloudy
2025-03-14T01:00,9.1,0.0,15.0,2,Partly cloudy
2025-03-14T02:00,8.9,0.0,16.1,1,Partly cloudy
2025-03-14T03:00,8.7,0.0,16.2,0,Clear sky
2025-03-14T04:00,8.5,0.0,16.2,2,Partly cloudy
2025-03-14T05:00,8.7,0.0,15.5,2,Partly cloudy
2025-03-14T06:00,8.9,0.0,14.8,3,Partly cloudy
2025-03-14T07:00,9.1,0.0,15.2,3,Partly cloudy
2025-03-14T08:00,10.3,0.0,16.0,3,Partly cloudy
2025-03-14T09:00,12.3,0.0,16.5,3,Partly cloudy
2025-03-14T10:00,14.4,0.0,17.3,3,Partly cloudy
2025-03-14T11:00,16.2,0.0,18.2,1,Partly cloudy
2025-03-14T12:00,19.5,0.0,19.9,1,Partly cloudy
2025-03-14T13:00,21.5,0.0,22.1,0,Clear sky
2025-03-14T14:00,22.7,0.0,22.5,1,Partly cloudy
2025-03-14T15:00,23.3,0.0,21.7,0,Clear sky
2025-03-14T16:00,23.2,0.0,20.8,2,Partly cloudy
2025-03-14T17:00,22.5,0.0,20.2,3,Partly cloudy
2025-03-14T18:00,21.2,0.0,21.1,2,Partly cloudy
2025-03-14T19:00,20.5,0.0,21.4,3,Partly cloudy
2025-03-14T20:00,21.1,0.0,21.4,3,Partly cloudy
2025-03-14T21:00,20.3,0.0,25.3,3,Partly cloudy
2025-03-14T22:00,20.0,0.0,27.6,3,Partly cloudy
2025-03-14T23:00,19.5,0.2,25.8,51,Drizzle
2025-03-15T00:00,15.6,0.3,24.7,51,Drizzle
2025-03-15T01:00,15.0,3.8,23.1,63,Rain
2025-03-15T02:00,14.2,4.8,20.3,63,Rain
2025-03-15T03:00,14.4,0.9,23.1,53,Drizzle
2025-03-15T04:00,14.5,0.0,23.9,2,Partly cloudy
2025-03-15T05:00,14.6,0.0,25.3,2,Partly cloudy
2025-03-15T06:00,14.5,0.0,24.9,1,Partly cloudy
2025-03-15T07:00,14.3,0.0,25.4,0,Clear sky
2025-03-15T08:00,14.3,0.0,24.8,0,Clear sky
2025-03-15T09:00,15.7,0.0,26.1,0,Clear sky
2025-03-15T10:00,17.1,0.0,26.4,0,Clear sky
2025-03-15T11:00,18.1,0.0,29.3,3,Partly cloudy
2025-03-15T12:00,18.9,0.0,29.6,3,Partly cloudy
2025-03-15T13:00,19.4,0.0,28.9,3,Partly cloudy
2025-03-15T14:00,19.6,0.0,32.8,3,Partly cloudy
2025-03-15T15:00,18.6,0.0,29.3,3,Partly cloudy
2025-03-15T16:00,18.2,0.0,25.4,3,Partly cloudy
2025-03-15T17:00,17.9,0.0,22.7,3,Partly cloudy
2025-03-15T18:00,16.4,0.0,19.9,3,Partly cloudy
2025-03-15T19:00,14.9,0.0,12.7,3,Partly cloudy
2025-03-15T20:00,10.2,0.0,9.6,3,Partly cloudy
2025-03-15T21:00,9.0,0.0,12.8,0,Clear sky
2025-03-15T22:00,7.7,0.0,12.3,3,Partly cloudy
2025-03-15T23:00,6.7,0.4,12.9,51,Drizzle
2025-03-16T00:00,5.6,0.8,13.9,53,Drizzle
2025-03-16T01:00,5.1,0.7,11.8,53,Drizzle
2025-03-16T02:00,4.3,1.3,9.8,61,Rain
2025-03-16T03:00,3.8,1.0,15.2,55,Drizzle
2025-03-16T04:00,3.0,1.4,12.2,61,Rain
2025-03-16T05:00,1.7,1.7,11.1,73,Snow
2025-03-16T06:00,1.5,1.0,11.5,73,Snow
2025-03-16T07:00,1.5,0.9,16.4,73,Snow
2025-03-16T08:00,1.7,0.2,13.9,51,Drizzle
2025-03-16T09:00,1.4,0.1,14.2,51,Drizzle
2025-03-16T10:00,1.1,0.2,14.0,71,Snow
2025-03-16T11:00,0.9,0.5,12.4,73,Snow
2025-03-16T12:00,0.9,0.8,14.5,73,Snow
2025-03-16T13:00,0.3,1.1,14.8,73,Snow
2025-03-16T14:00,0.3,0.9,15.0,73,Snow
2025-03-16T15:00,0.4,0.6,15.8,73,Snow
2025-03-16T16:00,0.4,0.2,15.2,71,Snow
2025-03-16T17:00,0.3,0.0,13.9,3,Partly cloudy
2025-03-16T18:00,0.2,0.0,13.4,3,Partly cloudy
2025-03-16T19:00,0.2,0.0,11.4,2,Partly cloudy
2025-03-16T20:00,0.2,0.0,4.0,0,Clear sky
2025-03-16T21:00,-0.8,0.0,5.4,0,Clear sky
2025-03-16T22:00,-0.6,0.0,6.5,0,Clear sky
2025-03-16T23:00,-1.0,0.0,6.1,0,Clear sky
2025-03-17T00:00,-1.2,0.0,7.6,2,Partly cloudy
2025-03-17T01:00,-1.6,0.0,6.6,0,Clear sky
2025-03-17T02:00,-2.2,0.0,5.2,0,Clear sky
2025-03-17T03:00,-2.2,0.0,5.8,0,Clear sky
2025-03-17T04:00,-3.1,0.0,4.0,0,Clear sky
2025-03-17T05:00,-2.8,0.0,1.0,0,Clear sky
2025-03-17T06:00,-3.5,0.0,2.0,0,Clear sky
2025-03-17T07:00,-3.4,0.0,1.1,3,Partly cloudy
2025-03-17T08:00,-3.2,0.0,4.0,1,Partly cloudy
2025-03-17T09:00,-0.2,0.0,5.4,0,Clear sky
2025-03-17T10:00,1.6,0.0,7.5,3,Partly cloudy
2025-03-17T11:00,3.0,0.0,11.9,3,Partly cloudy
2025-03-17T12:00,4.4,0.0,16.2,3,Partly cloudy
2025-03-17T13:00,5.6,0.0,17.2,3,Partly cloudy
2025-03-17T14:00,7.0,0.2,19.4,71,Snow
2025-03-17T15:00,8.8,0.0,20.9,0,Clear sky
2025-03-17T16:00,9.8,0.0,20.3,0,Clear sky
2025-03-17T17:00,10.2,0.0,21.5,0,Clear sky
2025-03-17T18:00,9.9,0.0,23.0,0,Clear sky
2025-03-17T19:00,9.1,0.0,23.5,0,Clear sky
2025-03-17T20:00,8.6,0.0,23.7,0,Clear sky
2025-03-17T21:00,8.1,0.0,23.1,0,Clear sky
2025-03-17T22:00,7.9,0.0,23.6,0,Clear sky
2025-03-17T23:00,7.7,0.0,23.5,0,Clear sky
2025-03-18T00:00,7.7,0.0,23.4,0,Clear sky
2025-03-18T01:00,7.7,0.0,22.6,0,Clear sky
2025-03-18T02:00,7.7,0.0,21.4,1,Partly cloudy
2025-03-18T03:00,7.7,0.0,20.5,3,Partly cloudy
2025-03-18T04:00,7.9,0.0,19.6,3,Partly cloudy
2025-03-18T05:00,7.8,0.0,18.7,3,Partly cloudy
2025-03-18T06:00,7.7,0.0,18.6,1,Partly cloudy
2025-03-18T07:00,7.3,0.0,16.5,2,Partly cloudy
2025-03-18T08:00,7.8,0.0,11.4,3,Partly cloudy
2025-03-18T09:00,9.1,0.0,10.9,3,Partly cloudy
2025-03-18T10:00,11.1,0.0,9.9,3,Partly cloudy
2025-03-18T11:00,12.4,0.0,10.6,3,Partly cloudy
2025-03-18T12:00,14.6,0.0,11.8,3,Partly cloudy
2025-03-18T13:00,16.2,0.0,12.3,3,Partly cloudy
2025-03-18T14:00,17.5,0.0,11.8,3,Partly cloudy
2025-03-18T15:00,18.4,0.0,11.6,3,Partly cloudy
2025-03-18T16:00,19.1,0.0,13.5,1,Partly cloudy
2025-03-18T17:00,19.6,0.0,14.3,1,Partly cloudy
2025-03-18T18:00,18.6,0.0,15.7,2,Partly cloudy
2025-03-18T19:00,17.5,0.0,14.4,3,Partly cloudy
2025-03-18T20:00,16.1,0.0,8.2,3,Partly cloudy
2025-03-18T21:00,15.9,0.0,12.5,3,Partly cloudy
2025-03-18T22:00,16.3,0.0,12.4,3,Partly cloudy
2025-03-18T23:00,14.8,0.0,7.2,3,Partly cloudy
2025-03-19T00:00,12.8,0.0,6.2,3,Partly cloudy
2025-03-19T01:00,11.6,0.0,4.4,3,Partly cloudy
2025-03-19T02:00,9.9,0.0,2.5,3,Partly cloudy
2025-03-19T03:00,7.8,0.0,3.9,3,Partly cloudy
2025-03-19T04:00,5.4,0.0,6.1,3,Partly cloudy
2025-03-19T05:00,4.8,0.0,6.7,3,Partly cloudy
2025-03-19T06:00,4.2,0.0,6.0,3,Partly cloudy
2025-03-19T07:00,4.6,0.0,5.4,3,Partly cloudy
2025-03-19T08:00,5.1,0.0,5.0,3,Partly cloudy
2025-03-19T09:00,6.3,0.0,12.8,0,Clear sky
2025-03-19T10:00,6.8,0.0,11.3,2,Partly cloudy
2025-03-19T11:00,7.8,0.0,11.2,2,Partly cloudy
2025-03-19T12:00,7.6,0.0,13.1,3,Partly cloudy
2025-03-19T13:00,7.1,0.0,11.9,3,Partly cloudy
2025-03-19T14:00,5.8,0.2,12.7,51,Drizzle
2025-03-19T15:00,6.3,0.5,8.5,53,Drizzle
2025-03-19T16:00,6.7,0.3,11.0,51,Drizzle
2025-03-19T17:00,5.7,3.6,15.5,63,Rain
2025-03-19T18:00,5.7,8.5,7.8,65,Rain
2025-03-19T19:00,4.6,0.9,15.1,53,Drizzle
2025-03-19T20:00,4.3,0.1,18.5,51,Drizzle
2025-03-19T21:00,3.3,0.0,17.5,3,Partly cloudy
2025-03-19T22:00,2.8,0.0,23.8,3,Partly cloudy
2025-03-19T23:00,2.7,0.0,26.9,3,Partly cloudy
2025-03-20T00:00,2.5,0.0,28.3,3,Partly cloudy
2025-03-20T01:00,2.2,0.1,31.5,51,Drizzle
2025-03-20T02:00,2.0,0.3,31.4,71,Snow
2025-03-20T03:00,1.8,0.5,26.5,71,Snow
2025-03-20T04:00,1.5,0.9,20.9,73,Snow
2025-03-20T05:00,1.1,1.3,24.8,75,Snow
2025-03-20T06:00,0.8,1.5,25.4,75,Snow
2025-03-20T07:00,0.6,0.8,25.2,73,Snow
2025-03-20T08:00,0.3,0.4,24.5,73,Snow
2025-03-20T09:00,0.6,0.1,23.3,71,Snow
2025-03-20T10:00,0.8,0.0,22.7,0,Clear sky
2025-03-20T11:00,1.2,0.0,21.9,1,Partly cloudy
2025-03-20T12:00,1.9,0.0,19.6,1,Partly cloudy
2025-03-20T13:00,2.8,0.0,18.7,1,Partly cloudy
2025-03-20T14:00,3.2,0.0,17.1,0,Clear sky
2025-03-20T15:00,3.6,0.0,13.5,0,Clear sky
2025-03-20T16:00,4.9,0.0,12.7,0,Clear sky
2025-03-20T17:00,4.9,0.0,9.7,0,Clear sky
2025-03-20T18:00,4.0,0.0,5.5,0,Clear sky
2025-03-20T19:00,2.3,0.0,4.3,0,Clear sky
2025-03-20T20:00,1.9,0.0,7.6,0,Clear sky
2025-03-20T21:00,1.4,0.0,7.9,0,Clear sky
2025-03-20T22:00,1.1,0.0,7.4,3,Partly cloudy
2025-03-20T23:00,0.9,0.0,6.2,1,Partly cloudy
2025-03-21T00:00,0.4,0.0,5.6,0,Clear sky
2025-03-21T01:00,0.0,0.0,6.2,0,Clear sky
2025-03-21T02:00,-0.5,0.0,7.3,0,Clear sky
2025-03-21T03:00,-0.9,0.0,7.7,0,Clear sky
2025-03-21T04:00,-1.0,0.0,9.4,0,Clear sky
2025-03-21T05:00,-0.9,0.0,11.2,3,Partly cloudy
2025-03-21T06:00,-0.4,0.0,13.7,3,Partly cloudy
2025-03-21T07:00,0.0,0.0,15.6,0,Clear sky
2025-03-21T08:00,1.5,0.0,17.9,3,Partly cloudy
2025-03-21T09:00,3.1,0.0,15.9,3,Partly cloudy
2025-03-21T10:00,4.6,0.0,21.5,3,Partly cloudy
2025-03-21T11:00,6.4,0.0,22.1,2,Partly cloudy
2025-03-21T12:00,8.8,0.0,21.5,3,Partly cloudy
2025-03-21T13:00,10.9,0.0,22.3,0,Clear sky
2025-03-21T14:00,12.6,0.0,25.5,3,Partly cloudy
2025-03-21T15:00,13.1,0.0,25.7,3,Partly cloudy
2025-03-21T16:00,13.4,0.0,25.6,3,Partly cloudy
2025-03-21T17:00,13.4,0.0,24.3,3,Partly cloudy
2025-03-21T18:00,12.8,0.0,23.2,3,Partly cloudy
2025-03-21T19:00,11.6,0.0,18.6,3,Partly cloudy
2025-03-21T20:00,10.7,0.0,17.1,3,Partly cloudy
2025-03-21T21:00,10.1,0.0,19.3,3,Partly cloudy
2025-03-21T22:00,9.6,0.0,17.5,2,Partly cloudy
2025-03-21T23:00,8.0,0.2,9.3,51,Drizzle
2025-03-22T00:00,7.4,0.0,18.6,2,Partly cloudy
2025-03-22T01:00,6.4,0.0,19.5,0,Clear sky
2025-03-22T02:00,5.8,0.0,19.8,1,Partly cloudy
2025-03-22T03:00,5.5,0.0,20.1,3,Partly cloudy
2025-03-22T04:00,5.1,0.0,20.3,2,Partly cloudy
2025-03-22T05:00,3.3,0.0,19.7,0,Clear sky
2025-03-22T06:00,1.9,0.0,16.2,1,Partly cloudy
2025-03-22T07:00,1.1,0.0,15.1,2,Partly cloudy
2025-03-22T08:00,2.0,0.0,15.2,3,Partly cloudy
2025-03-22T09:00,2.2,0.0,14.0,3,Partly cloudy
2025-03-22T10:00,2.5,0.0,11.3,3,Partly cloudy
2025-03-22T11:00,2.9,0.1,10.0,71,Snow
2025-03-22T12:00,3.0,0.1,9.7,71,Snow
2025-03-22T13:00,3.0,0.0,9.7,2,Partly cloudy
2025-03-22T14:00,3.2,0.0,8.6,3,Partly cloudy
2025-03-22T15:00,2.5,0.0,12.9,3,Partly cloudy
2025-03-22T16:00,1.9,0.0,14.1,3,Partly cloudy
2025-03-22T17:00,1.5,0.0,12.1,0,Clear sky
2025-03-22T18:00,1.2,0.0,9.7,0,Clear sky
2025-03-22T19:00,1.0,0.0,8.4,0,Clear sky
2025-03-22T20:00,0.9,0.0,7.6,2,Partly cloudy
2025-03-22T21:00,1.0,0.0,6.3,3,Partly cloudy
2025-03-22T22:00,1.4,0.0,6.9,3,Partly cloudy
2025-03-22T23:00,1.8,0.0,8.0,3,Partly cloudy
2025-03-23T00:00,2.0,0.0,9.0,3,Partly cloudy
2025-03-23T01:00,2.0,0.0,9.8,3,Partly cloudy
2025-03-23T02:00,1.8,0.0,10.1,3,Partly cloudy
2025-03-23T03:00,1.6,0.0,11.9,3,Partly cloudy
2025-03-23T04:00,1.6,0.0,12.4,3,Partly cloudy
2025-03-23T05:00,1.6,0.0,11.9,3,Partly cloudy
2025-03-23T06:00,1.9,0.0,13.8,3,Partly cloudy
2025-03-23T07:00,2.4,0.0,14.2,3,Partly cloudy
2025-03-23T08:00,3.5,0.0,17.1,3,Partly cloudy
2025-03-23T09:00,4.0,0.0,17.6,3,Partly cloudy
2025-03-23T10:00,4.7,0.0,17.8,3,Partly cloudy
2025-03-23T11:00,6.2,0.0,16.7,3,Partly cloudy
2025-03-23T12:00,8.4,0.0,18.9,3,Partly cloudy
2025-03-23T13:00,9.1,0.0,19.2,3,Partly cloudy
2025-03-23T14:00,8.4,0.0,19.7,3,Partly cloudy
2025-03-23T15:00,7.8,0.6,15.3,53,Drizzle
2025-03-23T16:00,7.8,0.6,18.4,53,Drizzle
2025-03-23T17:00,7.7,0.7,15.7,53,Drizzle
2025-03-23T18:00,7.9,0.1,14.6,51,Drizzle
2025-03-23T19:00,7.8,5.4,19.6,63,Rain
2025-03-23T20:00,5.6,0.0,28.9,3,Partly cloudy
2025-03-23T21:00,4.9,0.0,25.4,3,Partly cloudy
2025-03-23T22:00,5.1,0.0,24.9,3,Partly cloudy
2025-03-23T23:00,4.8,0.0,21.6,3,Partly cloudy
2025-03-24T00:00,4.6,0.0,22.0,3,Partly cloudy
2025-03-24T01:00,3.9,0.0,21.5,3,Partly cloudy
2025-03-24T02:00,3.2,0.0,21.4,3,Partly cloudy
2025-03-24T03:00,2.6,0.0,22.9,3,Partly cloudy
2025-03-24T04:00,1.9,0.0,23.6,3,Partly cloudy
2025-03-24T05:00,1.5,0.0,24.2,3,Partly cloudy
2025-03-24T06:00,1.2,0.0,25.5,3,Partly cloudy
2025-03-24T07:00,0.9,0.0,25.9,3,Partly cloudy
2025-03-24T08:00,1.5,0.0,23.8,3,Partly cloudy
2025-03-24T09:00,1.5,0.0,24.1,3,Partly cloudy
2025-03-24T10:00,1.5,0.0,24.0,3,Partly cloudy
2025-03-24T11:00,2.4,0.0,26.1,2,Partly cloudy
2025-03-24T12:00,4.3,0.0,26.8,2,Partly cloudy
2025-03-24T13:00,6.2,0.0,26.9,2,Partly cloudy
2025-03-24T14:00,7.7,0.0,27.1,1,Partly cloudy
2025-03-24T15:00,8.1,0.0,26.2,1,Partly cloudy
2025-03-24T16:00,8.2,0.0,21.4,0,Clear sky
2025-03-24T17:00,8.4,0.0,18.3,0,Clear sky
2025-03-24T18:00,8.0,0.0,16.5,0,Clear sky
2025-03-24T19:00,6.8,0.0,14.6,0,Clear sky
2025-03-24T20:00,5.8,0.0,12.5,0,Clear sky
2025-03-24T21:00,4.9,0.0,11.5,0,Clear sky
2025-03-24T22:00,4.0,0.0,8.8,0,Clear sky
2025-03-24T23:00,2.8,0.0,6.1,0,Clear sky
2025-03-25T00:00,2.8,0.0,8.6,0,Clear sky
2025-03-25T01:00,1.1,0.0,3.9,0,Clear sky
2025-03-25T02:00,0.9,0.0,1.1,3,Partly cloudy
2025-03-25T03:00,0.2,0.0,3.0,1,Partly cloudy
2025-03-25T04:00,0.2,0.0,5.2,3,Partly cloudy
2025-03-25T05:00,0.8,0.0,7.0,3,Partly cloudy
2025-03-25T06:00,0.8,0.0,7.7,3,Partly cloudy
2025-03-25T07:00,0.4,0.0,5.4,3,Partly cloudy
2025-03-25T08:00,1.6,0.0,6.7,3,Partly cloudy
2025-03-25T09:00,2.8,0.0,6.9,3,Partly cloudy
2025-03-25T10:00,4.3,0.0,6.9,3,Partly cloudy
2025-03-25T11:00,6.3,0.0,7.5,3,Partly cloudy
2025-03-25T12:00,6.8,0.0,9.4,2,Partly cloudy
2025-03-25T13:00,6.3,0.6,10.7,71,Snow
2025-03-25T14:00,5.6,0.0,9.5,2,Partly cloudy
2025-03-25T15:00,5.7,0.0,7.0,2,Partly cloudy
2025-03-25T16:00,5.5,0.0,8.7,2,Partly cloudy
2025-03-25T17:00,4.6,0.0,9.8,2,Partly cloudy
2025-03-25T18:00,3.5,0.0,8.0,0,Clear sky
2025-03-25T19:00,2.8,0.0,3.2,0,Clear sky
2025-03-25T20:00,2.6,0.0,3.5,0,Clear sky
2025-03-25T21:00,2.0,0.0,3.8,0,Clear sky
2025-03-25T22:00,1.6,0.0,4.9,0,Clear sky
2025-03-25T23:00,1.8,0.0,7.1,0,Clear sky
2025-03-26T00:00,1.1,0.0,4.7,0,Clear sky
2025-03-26T01:00,0.4,0.0,3.3,0,Clear sky
2025-03-26T02:00,0.8,0.0,0.8,1,Partly cloudy
2025-03-26T03:00,0.4,0.0,1.1,0,Clear sky
2025-03-26T04:00,-0.2,0.0,2.3,0,Clear sky
2025-03-26T05:00,-0.6,0.0,1.9,0,Clear sky
2025-03-26T06:00,-0.8,0.0,2.3,1,Partly cloudy
2025-03-26T07:00,-0.3,0.0,0.9,3,Partly cloudy
2025-03-26T08:00,1.3,0.1,4.0,71,Snow
2025-03-26T09:00,2.5,1.4,7.2,75,Snow
2025-03-26T10:00,3.6,0.1,6.0,51,Drizzle
2025-03-26T11:00,4.6,0.0,4.5,0,Clear sky
2025-03-26T12:00,5.4,0.0,5.8,0,Clear sky
2025-03-26T13:00,6.1,0.0,7.4,0,Clear sky
2025-03-26T14:00,6.4,0.0,8.8,1,Partly cloudy
2025-03-26T15:00,6.1,0.0,9.6,1,Partly cloudy
2025-03-26T16:00,5.8,0.0,8.7,2,Partly cloudy
2025-03-26T17:00,5.4,0.0,8.6,3,Partly cloudy
2025-03-26T18:00,4.8,0.0,8.0,3,Partly cloudy
2025-03-26T19:00,3.8,0.0,7.0,2,Partly cloudy
2025-03-26T20:00,4.7,0.0,9.7,3,Partly cloudy
2025-03-26T21:00,4.3,0.0,7.6,3,Partly cloudy
2025-03-26T22:00,4.2,0.0,8.0,3,Partly cloudy
2025-03-26T23:00,4.5,0.0,8.6,3,Partly cloudy
2025-03-27T00:00,4.8,0.0,9.7,3,Partly cloudy
2025-03-27T01:00,5.1,0.0,11.7,3,Partly cloudy
2025-03-27T02:00,4.8,0.0,11.2,3,Partly cloudy
2025-03-27T03:00,4.3,0.0,10.2,3,Partly cloudy
2025-03-27T04:00,4.2,0.0,9.3,3,Partly cloudy
2025-03-27T05:00,4.1,0.0,8.5,3,Partly cloudy
2025-03-27T06:00,4.1,0.0,8.4,3,Partly cloudy
2025-03-27T07:00,4.2,0.0,8.8,3,Partly cloudy
2025-03-27T08:00,6.7,0.0,8.6,3,Partly cloudy
2025-03-27T09:00,7.8,0.0,8.0,3,Partly cloudy
2025-03-27T10:00,9.6,0.0,7.9,3,Partly cloudy
2025-03-27T11:00,10.1,0.0,9.3,3,Partly cloudy
2025-03-27T12:00,10.8,0.0,7.5,3,Partly cloudy
2025-03-27T13:00,11.8,0.0,7.3,3,Partly cloudy
2025-03-27T14:00,12.7,0.0,9.4,3,Partly cloudy
2025-03-27T15:00,12.9,0.0,9.2,3,Partly cloudy
2025-03-27T16:00,12.6,0.0,9.6,3,Partly cloudy
2025-03-27T17:00,12.7,0.0,11.6,3,Partly cloudy
2025-03-27T18:00,10.9,0.0,9.8,3,Partly cloudy
2025-03-27T19:00,10.0,0.0,12.0,2,Partly cloudy
2025-03-27T20:00,9.4,0.0,11.6,3,Partly cloudy
2025-03-27T21:00,8.7,0.0,12.0,0,Clear sky
2025-03-27T22:00,7.9,0.0,12.5,0,Clear sky
2025-03-27T23:00,7.3,0.0,11.6,3,Partly cloudy
2025-03-28T00:00,7.3,0.0,10.5,3,Partly cloudy
2025-03-28T01:00,7.8,0.0,12.2,3,Partly cloudy
2025-03-28T02:00,7.5,2.0,11.4,61,Rain
2025-03-28T03:00,7.2,1.2,13.5,55,Drizzle
2025-03-28T04:00,6.9,0.0,13.2,1,Partly cloudy
2025-03-28T05:00,7.4,0.0,14.7,3,Partly cloudy
2025-03-28T06:00,8.0,0.0,14.6,3,Partly cloudy
2025-03-28T07:00,8.2,0.1,14.5,51,Drizzle
2025-03-28T08:00,10.1,1.7,14.0,61,Rain
2025-03-28T09:00,13.4,1.2,11.5,55,Drizzle
2025-03-28T10:00,13.9,0.5,6.7,53,Drizzle
2025-03-28T11:00,15.1,0.0,7.2,2,Partly cloudy
2025-03-28T12:00,18.6,0.0,8.9,0,Clear sky
2025-03-28T13:00,20.4,0.0,11.6,0,Clear sky
2025-03-28T14:00,24.2,0.0,19.0,0,Clear sky
2025-03-28T15:00,24.1,0.0,22.5,0,Clear sky
2025-03-28T16:00,23.9,0.0,23.4,0,Clear sky
2025-03-28T17:00,23.0,0.0,21.7,0,Clear sky
2025-03-28T18:00,22.4,0.0,21.0,2,Partly cloudy
2025-03-28T19:00,21.1,0.0,20.5,0,Clear sky
2025-03-28T20:00,21.0,0.0,26.9,0,Clear sky
2025-03-28T21:00,20.3,0.0,28.8,3,Partly cloudy
2025-03-28T22:00,19.1,0.0,27.1,3,Partly cloudy
2025-03-28T23:00,18.5,0.0,27.9,1,Partly cloudy
2025-03-29T00:00,18.5,0.0,29.0,1,Partly cloudy
2025-03-29T01:00,17.9,0.0,27.5,3,Partly cloudy
2025-03-29T02:00,17.6,0.0,29.0,0,Clear sky
2025-03-29T03:00,17.3,0.0,27.6,1,Partly cloudy
2025-03-29T04:00,16.8,0.0,23.9,2,Partly cloudy
2025-03-29T05:00,16.5,0.0,20.8,0,Clear sky
2025-03-29T06:00,16.2,0.0,18.9,1,Partly cloudy
2025-03-29T07:00,15.9,0.0,16.0,1,Partly cloudy
2025-03-29T08:00,16.4,0.1,18.8,51,Drizzle
2025-03-29T09:00,16.5,0.2,18.7,51,Drizzle
2025-03-29T10:00,16.9,0.1,14.5,51,Drizzle
2025-03-29T11:00,19.4,0.0,13.6,1,Partly cloudy
2025-03-29T12:00,20.3,0.0,18.3,2,Partly cloudy
2025-03-29T13:00,20.1,0.1,19.1,51,Drizzle
2025-03-29T14:00,20.0,0.0,17.8,3,Partly cloudy
2025-03-29T15:00,19.5,0.2,17.1,51,Drizzle
2025-03-29T16:00,19.0,0.0,17.8,1,Partly cloudy
2025-03-29T17:00,19.7,0.0,15.1,3,Partly cloudy
2025-03-29T18:00,18.4,0.0,14.7,2,Partly cloudy
2025-03-29T19:00,18.0,0.0,15.5,1,Partly cloudy
2025-03-29T20:00,14.6,0.0,10.7,3,Partly cloudy
2025-03-29T21:00,14.1,0.0,6.8,3,Partly cloudy
2025-03-29T22:00,12.4,0.0,3.2,3,Partly cloudy
2025-03-29T23:00,11.6,0.0,4.2,3,Partly cloudy
2025-03-30T00:00,12.9,0.0,6.6,3,Partly cloudy
2025-03-30T01:00,15.4,0.0,13.2,3,Partly cloudy
2025-03-30T02:00,15.5,0.6,12.4,53,Drizzle
2025-03-30T03:00,15.6,0.2,16.6,51,Drizzle
2025-03-30T04:00,15.5,0.1,13.9,51,Drizzle
2025-03-30T05:00,15.9,0.0,13.5,3,Partly cloudy
2025-03-30T06:00,15.8,0.0,14.2,3,Partly cloudy
2025-03-30T07:00,15.9,0.0,14.6,3,Partly cloudy
2025-03-30T08:00,16.3,0.1,17.4,51,Drizzle
2025-03-30T09:00,16.8,0.0,16.5,3,Partly cloudy
2025-03-30T10:00,17.2,0.0,22.6,3,Partly cloudy
2025-03-30T11:00,17.0,0.1,20.3,51,Drizzle
2025-03-30T12:00,18.6,0.1,18.6,51,Drizzle
2025-03-30T13:00,21.4,0.0,17.0,3,Partly cloudy
2025-03-30T14:00,22.0,0.1,18.2,51,Drizzle
2025-03-30T15:00,20.0,2.5,23.8,63,Rain
2025-03-30T16:00,16.6,1.4,20.1,61,Rain
2025-03-30T17:00,17.1,0.2,19.4,51,Drizzle
2025-03-30T18:00,17.2,0.0,17.2,1,Partly cloudy
2025-03-30T19:00,16.2,0.0,19.6,3,Partly cloudy
2025-03-30T20:00,11.3,0.0,15.3,2,Partly cloudy
2025-03-30T21:00,9.7,0.0,15.2,3,Partly cloudy
2025-03-30T22:00,8.9,0.0,17.5,3,Partly cloudy
2025-03-30T23:00,7.7,0.0,19.6,3,Partly cloudy
2025-03-31T00:00,6.8,0.0,18.1,3,Partly cloudy
2025-03-31T01:00,6.3,0.2,15.4,51,Drizzle
2025-03-31T02:00,6.0,0.1,14.4,51,Drizzle
2025-03-31T03:00,5.8,0.1,16.2,51,Drizzle
2025-03-31T04:00,4.7,0.3,17.3,51,Drizzle
2025-03-31T05:00,3.5,0.1,14.5,51,Drizzle
2025-03-31T06:00,3.0,0.0,15.1,3,Partly cloudy
2025-03-31T07:00,2.5,0.0,15.9,3,Partly cloudy
2025-03-31T08:00,2.2,0.1,14.6,51,Drizzle
2025-03-31T09:00,2.0,0.0,18.2,3,Partly cloudy
2025-03-31T10:00,2.5,0.0,17.8,3,Partly cloudy
2025-03-31T11:00,3.3,0.0,14.7,3,Partly cloudy
2025-03-31T12:00,4.3,0.0,13.8,3,Partly cloudy
2025-03-31T13:00,5.2,0.0,11.9,3,Partly cloudy
2025-03-31T14:00,6.1,0.0,10.8,3,Partly cloudy
2025-03-31T15:00,6.4,0.0,9.1,1,Partly cloudy
2025-03-31T16:00,5.7,0.0,9.8,0,Clear sky
2025-03-31T17:00,4.8,0.0,10.9,0,Clear sky
2025-03-31T18:00,3.7,0.0,9.3,0,Clear sky
2025-03-31T19:00,3.0,0.0,7.9,0,Clear sky
2025-03-31T20:00,2.0,0.0,9.0,0,Clear sky
2025-03-31T21:00,2.0,0.0,9.5,0,Clear sky
2025-03-31T22:00,1.8,0.0,9.0,0,Clear sky
2025-03-31T23:00,1.7,0.0,8.1,0,Clear sky
